"id","bagid","quadrat","t0_num_blades","g_ng","date_marked","date_collected","duration_days","site","collection_point","shoot_bag_weight","shoot_plus_bag_weight","rhizome_bag_weight","rhizome_plus_bag_weight","rhizome_weight","shoot_weight","length_measured","length_calculated","sheath_length","shoot_width","blade_number_tx","rhizome_length","numnodes","lateral_shoots","gfc_weight","gfc_weight_plus_sample","epi_weight","total_liquid_ml","ref_legth","b1_full","b1_new","b1_old","b2_full","b2_new","b2_old","b3_full","b3_new","b3_old","b4_full","b4_new","b4_old","b5_full","b5_new","b5_old","b6_full","b6_new","b6_old","b7_full","b7_new","b7_old","b8_full","b8_new","b9_old...53","b9_full","b9_new","b9_old...56","b10_full","b10_new","b10_old","baby_1","baby_2","notes","extention","original_length_Remaining","standardized_extension_to_sheath","standardized_to_old","...67","duration","stndrd_to_sheath","stndrd_to_old","LA","RGR","RGR_old","treatment"
"17","KLGO",3,8,"g","7-June-25","21-June-25","14","Low","t2",8.607,8.59,1.432,1.528,0.096,-0.017,33.6,33.6,7.8,0.4,4,NA,NA,0,NA,NA,NA,NA,4,29.6,0.4,29.2,21.2,4,17.2,14.4,2,"12.4",23,3.2,19.8,NA,NA,0,NA,NA,0,NA,NA,0,NA,NA,0,NA,NA,0,NA,NA,0,NA,NA,NA,9.6,"82.6","1.230769231","0.1221374046",NA,14,1.230769231,0.1221374046,53.76,0.0879120879285714,0.00872410032857143,"g"
"19",NA,4,5,"ng","7-June-25","13-June-25","6","High","t1",8.68,8.977,4.711,4.745,0.034,0.297,71.1,70.2,19.2,0.3,6,NA,NA,0,0.587,0.589,0.002,50,9.6,60.2,0,60.2,25.4,0,25.4,60.6,0,"60.6",42,0,42,43,0,43,32.8,1.1,31.7,NA,NA,0,NA,NA,0,NA,NA,0,NA,NA,0,NA,NA,NA,1.1,"272.5","0.05729166667","0.004184100418",NA,6,0.05729166667,0.004184100418,127.98,0.00954861111166667,0.000697350069666667,"ng"
"25","BEKI",11,8,"g","7-June-25","21-June-25","14","Low","t2",8.742,8.974,1.561,1.643,0.082,0.232,58,58,15.4,0.4,6,NA,NA,0,NA,NA,NA,NA,2,44,NA,44,46.2,0.2,46,56,10.2,"45.8",13.2,2,11.2,44.8,16.8,28,NA,NA,0,NA,NA,0,NA,NA,0,NA,NA,0,NA,NA,0,4.2,NA,NA,33.4,"177","2.168831169","0.1908571429",NA,14,2.168831169,0.1908571429,139.2,0.154916512071429,0.0136326530642857,"g"
"28","ADAM",5,4,"g","7-June-25","21-June-25","14","High","t2",8.704,8.729,1.422,1.474,0.052,0.025,19.5,0,NA,0.3,0,NA,NA,0,NA,NA,NA,NA,NA,NA,NA,0,NA,NA,0,NA,NA,"0",NA,NA,0,NA,NA,0,NA,NA,0,NA,NA,0,NA,NA,0,NA,NA,0,NA,NA,0,NA,NA,"length measured on  imageJ, count identify sheath",0,"0","#DIV/0!","#DIV/0!",NA,14,NA,NA,0,0,0,"g"
"29","RAT2",8,7,"g","7-June-25","21-June-25","14","Low","t2",8.819,8.871,8.819,9.056,0.237,0.052,68.2,68.2,13.2,0.4,6,NA,NA,NA,NA,NA,NA,NA,4.4,46.4,0,46.4,53.4,3,50.4,60.8,41,"19.8",63.8,18,45.8,32,15.6,16.4,NA,NA,0,NA,NA,0,NA,NA,0,NA,NA,0,NA,NA,0,10,NA,NA,87.6,"183.2","6.636363636","0.4899328859",NA,14,6.636363636,0.4899328859,163.68,0.474025974,0.0349952061357143,"g"
"30","RAT1",8,5,"g","7-June-25","21-June-25","14","Low","t2",8.905,8.987,1.476,1.576,0.1,0.082,58,57.4,8,0.2,4,NA,NA,NA,NA,NA,NA,NA,5,40.2,0,40.2,21.2,18.8,2.4,36.2,2.2,"34",52.4,18.8,33.6,NA,NA,0,NA,NA,0,NA,NA,0,NA,NA,0,NA,NA,0,NA,NA,0,NA,NA,NA,39.8,"115.2","4.975","0.3611615245",NA,14,4.975,0.3611615245,46.4,0.355357142857143,0.02579725175,"g"
"34",NA,6,5,"g","7-June-25","13-June-25","6","High","t1",8.616,9.034,4.702,4.822,0.12,0.418,99.8,90.7,7.1,0.4,9,NA,NA,0,0.526,0.619,0.093,50,3,8.5,1.9,6.6,8.6,0,8.6,31.5,0.1,"31.4",33.2,0,33.2,39.4,0,39.4,37.9,0,37.9,87.7,0,87.7,23.5,1.2,22.3,33.9,1.7,32.2,NA,NA,0,NA,NA,NA,4.9,"302.3","0.6901408451","0.01637153358",NA,6,0.6901408451,0.01637153358,359.28,0.115023474183333,0.00272858893,"g"
"39","BEF2",1,4,"g","7-June-25","21-June-25","14","High","t2",8.675,8.858,1.518,1.734,0.216,0.183,36,0,13.4,0.4,1,8.2,NA,0,NA,NA,NA,NA,NA,NA,NA,0,NA,NA,0,NA,NA,"0",NA,NA,0,NA,NA,0,NA,NA,0,NA,NA,0,NA,NA,0,NA,NA,0,NA,NA,0,NA,NA,"dead/ mangled, lengths calculated by imageJ",0,"0","0","#DIV/0!",NA,14,0,NA,14.4,0,0,"g"
"45","COAL",1,5,"ng","7-June-25","21-June-25","14","Low","t2",8.653,8.683,NA,NA,0,0.03,13,0,NA,0.2,2,NA,NA,0,NA,NA,NA,NA,NA,NA,NA,0,NA,NA,0,NA,NA,"0",NA,NA,0,NA,NA,0,NA,NA,0,NA,NA,0,NA,NA,0,NA,NA,0,NA,NA,0,NA,NA,"shoot is bairly there, couple little blades",0,"0","#DIV/0!","#DIV/0!",NA,14,NA,NA,5.2,0,0,"ng"
"49",NA,2,5,"ng","7-June-25","13-June-25","6","High","t1",8.571,8.929,4.708,4.743,0.035,0.358,69,0,15.4,0.2,8,NA,NA,NA,0.502,0.503,0.001,75,NA,NA,NA,0,NA,NA,0,NA,NA,"0",NA,NA,0,NA,NA,0,NA,NA,0,NA,NA,0,NA,NA,0,NA,NA,0,NA,NA,0,NA,NA,"to ranglewd too measure",0,"0","0","#DIV/0!",NA,6,0,NA,110.4,0,0,"ng"
"51",NA,7,6,"ng","6-June-25","12-June-25","6","Donor","t1",8.62,8.867,4.732,4.78,0.048,0.247,58.5,57,4.5,0.5,8,NA,NA,NA,0.516,0.517,0.001,140,7,10.3,1,9.3,7.2,0.6,6.6,23.8,0,"23.8",23.5,0,23.5,24.5,0,24.5,9.9,0,9.9,50,0,50,24.6,1,23.6,NA,NA,0,NA,NA,0,NA,NA,NA,2.6,"178.2","0.5777777778","0.01518691589",NA,6,0.5777777778,0.01518691589,234,0.0962962963,0.00253115264833333,"ng"
"55",NA,5,4,"ng","6-June-25","12-June-25","6","Donor","t1",8.683,8.887,4.668,4.707,0.039,0.204,49.6,30.9,17.4,0.4,4,NA,NA,NA,0.574,0.577,0.003,150,2.7,12.2,0,12.2,23.5,0,23.5,28.2,0,"28.2",26.7,0,26.7,NA,NA,0,NA,NA,0,NA,NA,0,NA,NA,0,NA,NA,0,NA,NA,0,NA,NA,NA,0,"93.3","0","0",NA,6,0,0,79.36,0,0,"ng"
"59","RAT1",8,5,"g","7-June-25","21-June-25","14","Low","t2",8.789,9.172,1.466,1.582,0.116,0.383,65,63.8,14.8,0.4,6,NA,NA,0,NA,NA,NA,NA,5.8,40.2,0,40.2,38,0.2,37.8,51.4,0.2,"51.2",24.2,3,21.2,38.8,2,36.8,58,22,36,NA,NA,0,NA,NA,0,NA,NA,0,NA,NA,0,NA,NA,NA,27.4,"229","1.851351351","0.1227598566",NA,14,1.851351351,0.1227598566,156,0.132239382214286,0.00876856118571429,"g"
"64",NA,5,6,"g","7-June-25","13-June-25","6","High","t1",8.725,8.886,4.699,4.76,0.061,0.161,50.6,50.3,11.2,0.4,6,NA,NA,NA,0.528,0.53,0.002,60,3.1,46,0,46,47.2,13.4,33.8,2,0,"2",36,7,29,36.2,8.8,27.4,NA,0,0,NA,NA,0,NA,NA,0,NA,NA,0,NA,NA,0,2.8,NA,NA,32,"141.3","2.857142857","0.2315484805",NA,6,2.857142857,0.2315484805,121.44,0.476190476166667,0.0385914134166667,"g"
"66",NA,1,4,"ng","7-June-25","13-June-25","6","High","t1",8.579,8.973,4.7,4.734,0.034,0.394,98.2,97.2,18.4,0.4,5,NA,NA,NA,0.53,0.535,0.005,120,3.6,47.3,0,47.3,40,0,40,68.4,2.9,"65.5",50.1,1,49.1,93.6,0,93.6,NA,NA,0,NA,NA,0,NA,NA,0,NA,NA,0,NA,NA,0,NA,NA,NA,3.9,"299.1","0.2119565217","0.01319796954",NA,6,0.2119565217,0.01319796954,196.4,0.03532608695,0.00219966159,"ng"
"67","ALAG",3,4,"g","7-June-25","21-June-25","14","High","t2",8.716,9.11,2.042,2.146,0.104,0.394,64.1,64.2,21.2,0.4,5,NA,NA,NA,NA,NA,NA,NA,2.8,36.8,2.3,34.5,57.3,0.9,56.4,51.2,10.1,"41.1",61.4,8.2,53.2,10.1,7.6,2.5,NA,NA,0,NA,NA,0,NA,NA,0,NA,NA,0,NA,NA,0,NA,NA,NA,29.1,"190.5","1.372641509","0.1550346297",NA,14,1.372641509,0.1550346297,128.2,0.0980458220714286,0.0110739021214286,"g"
"68","CRLA",4,6,"ng","7-June-25","21-June-25","14","High","t2",8.605,8.929,1.753,1.807,0.054,0.324,118.1,118.1,24.1,0.4,4,NA,NA,NA,NA,NA,NA,NA,2.9,115.2,3.1,112.1,38.1,0.6,37.5,82.9,7.3,"75.6",35.7,NA,35.7,NA,NA,0,NA,NA,0,NA,NA,0,NA,NA,0,NA,NA,0,NA,NA,0,NA,NA,NA,11,"263.8","0.4564315353","0.0421617478",NA,14,0.4564315353,0.0421617478,188.96,0.0326022525214286,0.00301155341428571,"ng"
"70","shen",5,7,"ng","6-June-25","20-June-25","14","Donor","t2",8.572,8.871,1.329,1.518,0.189,0.299,49.6,49.6,16.4,0.4,6,NA,NA,NA,NA,NA,NA,NA,2.4,6.8,4,2.8,14,3.2,10.8,17.4,3.8,"13.6",47.2,5.8,41.4,37.4,6.8,30.6,34.8,9.2,25.6,NA,NA,0,NA,NA,0,NA,NA,0,NA,NA,0,NA,NA,NA,32.8,"127.2","2","0.2628205128",NA,14,2,0.2628205128,119.04,0.142857142857143,0.0187728937714286,"ng"
"77","7979",5,5,"g","7-June-25","21-June-25","14","High","t2",8.687,9.082,1.562,1.67,0.108,0.395,107,0,20,0.4,0,NA,NA,NA,NA,NA,NA,NA,NA,NA,NA,0,NA,NA,0,NA,NA,"0",NA,NA,0,NA,NA,0,NA,NA,0,NA,NA,0,NA,NA,0,NA,NA,0,NA,NA,0,NA,NA,"measured roughly by imageJ, sheath was challanging",0,"0","0","#DIV/0!",NA,14,0,NA,0,0,0,"g"
"79",NA,6,6,"g","7-June-25","13-June-25","6","High","t1",8.634,8.771,4.713,4.782,0.069,0.137,40.2,39.5,7.2,0.4,3,NA,NA,NA,0.613,0.615,0.002,50,1.7,13.5,0,13.5,8.7,0,8.7,37.8,0,"37.8",NA,NA,0,NA,NA,0,NA,NA,0,NA,NA,0,NA,NA,0,NA,NA,0,NA,NA,0,NA,NA,NA,0,"61.7","0","0",NA,6,0,0,48.24,0,0,"g"
"82","WEME",11,9,"ng","7-June-25","21-June-25","14","Low","t2",8.731,9.426,0.866,1.018,0.152,0.695,80.4,80.2,18,0.6,7,NA,NA,NA,NA,NA,NA,NA,3.4,57.8,0,57.8,76.8,0,76.8,69.8,11.9,"57.9",65.8,0,65.8,72.4,13,59.4,43.3,NA,43.3,NA,NA,0,NA,NA,0,NA,NA,0,NA,NA,0,3.6,NA,NA,28.5,"364.4","1.583333333","0.07894736842",NA,14,1.583333333,0.07894736842,337.68,0.113095238071429,0.00563909774428571,"ng"
"84",NA,10,5,"ng","7-June-25","13-June-25","6","Low","t1",10.081,10.18,4.645,4.825,0.18,0.099,55.7,55.7,16,0.5,8,NA,NA,NA,0.591,0.92,0.329,120,0.2,25.4,0,25.4,55.5,0,55.5,22.2,0,"22.2",25,0,25,28.5,0.1,28.4,19,0.3,18.7,5.8,0,5.8,24.5,0.3,24.2,NA,NA,0,NA,NA,0,NA,NA,NA,0.7,"205.4","0.04375","0.003411306043",NA,6,0.04375,0.003411306043,222.8,0.00729166666666667,0.000568551007166667,"ng"
"85","HOVE",5,8,"ng","7-June-25","21-June-25","14","Low","t2",8.619,8.885,1.727,1.914,0.187,0.266,85.2,85.2,15.8,0.4,7,NA,NA,NA,NA,NA,NA,NA,1.2,49.6,0.4,49.2,35.4,5,30.4,75,9,"66",29.6,6,23.6,77.6,11,66.6,37.6,0,37.6,84,0,84,NA,NA,0,NA,NA,0,NA,NA,0,NA,NA,NA,31.4,"358.6","1.987341772","0.08785674314",NA,14,1.987341772,0.08785674314,238.56,0.141952983714286,0.00627548165285714,"ng"
"86",NA,11,6,"g","7-June-25","13-June-25","6","High","t1",NA,NA,NA,NA,0,0,91.6,91.6,15.6,0.4,8,NA,NA,NA,NA,NA,NA,NA,6.2,15.8,2.9,12.9,85.4,0,85.4,20.6,0,"20.6",39.5,0,39.5,39.5,7.9,31.6,76.6,0,76.6,46.8,7.9,38.9,46.1,8,38.1,NA,NA,0,NA,NA,0,NA,NA,NA,26.7,"349.8","1.711538462","0.07770663562",NA,6,1.711538462,0.07770663562,293.12,0.285256410333333,0.0129511059366667,"g"
"87","ALKA",4,6,"ng","7-June-25","21-June-25","14","High","t2",8.819,9.128,1.435,1.508,0.073,0.309,52.4,52.6,11.2,0.7,6,NA,NA,NA,NA,NA,NA,NA,1.3,9.7,0.4,9.3,34.2,NA,34.2,13.8,NA,"13.8",51.3,NA,51.3,14.4,2.1,12.3,NA,NA,0,NA,NA,0,NA,NA,0,NA,NA,0,NA,NA,0,5.7,NA,NA,8.2,"122.2","0.7321428571","0.06782464847",NA,14,0.7321428571,0.06782464847,220.08,0.0522959183642857,0.00484461774785714,"ng"
"88",NA,4,7,"g","6-June-25","12-June-25","6","Donor","t1",10.148,10.414,4.75,4.834,0.084,0.266,84,0,NA,0.5,0,NA,NA,NA,0.476,0.481,0.005,250,NA,NA,NA,0,NA,NA,0,NA,NA,"0",NA,NA,0,NA,NA,0,NA,NA,0,NA,NA,0,NA,NA,0,NA,NA,0,NA,NA,0,NA,NA,"too rangled/ no shoot",0,"0","#DIV/0!","#DIV/0!",NA,6,NA,NA,0,0,0,"g"
"91","HOCU",2,5,"ng","7-June-25","21-June-25","14","Low","t2",8.67,9.74,1.398,1.506,0.108,1.07,41.8,41.8,10.6,0.4,7,NA,NA,NA,NA,NA,NA,NA,2.8,28.9,2.2,26.7,39,3.5,35.5,37.8,10.2,"27.6",22,21.2,0.8,19,13,6,32.2,20,12.2,NA,NA,0,NA,NA,0,NA,NA,0,NA,NA,0,3.2,NA,NA,73.3,"111.6","6.91509434","0.6737132353",NA,14,6.91509434,0.6737132353,117.04,0.49393531,0.04812237395,"ng"
"93",NA,16,5,"g","7-June-25","13-June-25","6","Low","t1",10.297,NA,4.685,4.807,0.122,-10.297,78.4,78.4,25.5,0.3,7,NA,NA,NA,0.441,0.442,0.001,170,4.6,50.1,0,50.1,73.8,0,73.8,22.9,0,"22.9",48.3,4.8,43.5,66,2.3,63.7,52.9,4.1,48.8,18.2,3.7,14.5,NA,NA,0,NA,NA,0,NA,NA,0,NA,NA,NA,14.9,"321.9","0.5843137255","0.04695871415",NA,6,0.5843137255,0.04695871415,164.64,0.0973856209166667,0.00782645235833333,"g"
"94","NRDM",2,5,"ng","7-June-25","21-June-25","14","High","t2",8.739,9.157,1.624,1.68,0.056,0.418,42.5,0,NA,NA,0,NA,NA,NA,NA,NA,NA,NA,NA,NA,NA,0,NA,NA,0,NA,NA,"0",NA,NA,0,NA,NA,0,NA,NA,0,NA,NA,0,NA,NA,0,NA,NA,0,NA,NA,0,NA,NA,"fell apart/ wrangled",0,"0","#DIV/0!","#DIV/0!",NA,14,NA,NA,NA,0,0,"ng"
"97",NA,12,5,"ng","7-June-25","13-June-25","6","Low","t1",10.239,10.297,4.666,4.726,0.06,0.058,59.4,59.4,9.2,0.3,6,NA,NA,NA,0.604,0.605,0.001,NA,4.6,5.8,0,5.8,42.6,0,42.6,54.8,0,"54.8",28.2,0.6,27.6,27.2,0,27.2,NA,NA,0,NA,NA,0,NA,NA,0,NA,NA,0,NA,NA,0,10.4,NA,NA,11,"162.6","1.195652174","0.06962025316",NA,6,1.195652174,0.06962025316,106.92,0.199275362333333,0.0116033755266667,"ng"
"101",NA,11,5,"g","7-June-25","13-June-25","6","High","t1",8.633,NA,4.632,4.77,0.138,-8.633,80.4,80.7,30.2,0.6,8,NA,NA,NA,0.522,0.525,0.003,230,3.9,75,0,75,76.8,0,76.8,3.4,0,"3.4",76.4,0,76.4,10.6,4.2,6.4,45.1,6,39.1,46,6.4,39.6,64.6,1.2,63.4,NA,NA,0,NA,NA,0,NA,NA,NA,17.8,"384","0.5894039735","0.04682978164",NA,6,0.5894039735,0.04682978164,385.92,0.0982339955833333,0.00780496360666667,"g"
"102",NA,14,4,"g","7-June-25","13-June-25","6","Low","t1",10.062,10.336,4.655,4.743,0.088,0.274,55,55,9.7,0.4,3,NA,NA,NA,0.52,0.521,0.001,125,2.9,26.9,0,26.9,52.1,3.4,48.7,7.4,3.4,"4",NA,NA,0,NA,NA,0,NA,NA,0,NA,NA,0,NA,NA,0,NA,NA,0,NA,NA,0,NA,NA,NA,6.8,"82.5","0.7010309278","0.08542713568",NA,6,0.7010309278,0.08542713568,66,0.116838487966667,0.0142378559466667,"g"
"103",NA,2,5,"ng","6-June-25","20-June-25","14","Donor","t2",8.593,8.749,0.768,0.846,0.078,0.156,48.7,48.7,20.5,0.4,3,NA,NA,NA,NA,NA,NA,NA,6.9,41.8,20,21.8,21.5,19.6,1.9,38.4,19.9,"18.5",NA,NA,0,NA,NA,0,NA,NA,0,NA,NA,0,NA,NA,0,NA,NA,0,NA,NA,0,NA,NA,NA,59.5,"49.1","2.902439024","1.409952607",NA,14,2.902439024,1.409952607,58.44,0.207317073142857,0.1007109005,"ng"
"105",NA,9,6,"g","7-June-25","13-June-25","6","High","t1",8.604,9.058,4.685,4.809,0.124,0.454,70.3,69.4,25.4,0.4,7,NA,NA,NA,0.601,0.602,0.001,100,5.2,37.4,0,37.4,44.4,0,44.4,47.2,0,"47.2",29,5,24,48.1,2.8,45.3,64.2,0.1,64.1,NA,NA,0,NA,NA,0,NA,NA,0,NA,NA,0,0.7,NA,NA,8.6,"267.6","0.3385826772","0.03277439024",NA,6,0.3385826772,0.03277439024,196.84,0.0564304462,0.00546239837333333,"g"
"107","MAPL",10,6,"ng","7-June-25","21-June-25","14","Low","t2",8.714,8.777,1.573,1.803,0.23,0.063,41.8,54.8,19.6,0.5,6,NA,NA,NA,NA,NA,NA,NA,3.6,17.2,3.4,13.8,51.2,3,48.2,41.6,10,"31.6",45.8,9.8,36,42.4,5.2,37.2,NA,NA,0,NA,NA,0,NA,NA,0,NA,NA,0,NA,NA,0,5.4,NA,NA,36.8,"170.4","1.87755102","0.2206235012",NA,14,1.87755102,0.2206235012,125.4,0.134110787142857,0.0157588215142857,"ng"
"110","MEDN",3,5,"g","7-June-25","21-June-25","14","Low","t2",9.017,9.338,9.126,9.313,0.187,0.321,57.3,54.8,12.4,0.4,6,NA,NA,NA,NA,NA,NA,NA,1.6,31.5,0,31.5,34.2,0,34.2,41,0,"41",53.2,19,34.2,38.8,4.1,34.7,NA,NA,0,NA,NA,0,NA,NA,0,NA,NA,0,NA,NA,0,19.4,NA,NA,42.5,"177.2","3.427419355","0.2420273349",NA,14,3.427419355,0.2420273349,137.52,0.244815668214286,0.0172876667785714,"g"
"116","NACE",1,5,"ng","7-June-25","21-June-25","14","Low","t2",8.953,8.971,8.953,NA,-8.953,0.018,13,0,NA,0.4,1,NA,NA,NA,NA,NA,NA,NA,NA,NA,NA,0,NA,NA,0,NA,NA,"0",NA,NA,0,NA,NA,0,NA,NA,0,NA,NA,0,NA,NA,0,NA,NA,0,NA,NA,0,NA,NA,"one wrangled blade",0,"0","#DIV/0!","#DIV/0!",NA,14,NA,NA,5.2,0,0,"ng"
"119","HRS3",7,4,"ng","7-June-25","21-June-25","14","Low","t2",8.864,8.967,1.597,1.644,0.047,0.103,30.8,30.6,9.4,0.3,5,NA,NA,NA,NA,NA,NA,NA,3.4,16,0,16,23.2,5.4,17.8,25.8,0.2,"25.6",27.2,9,18.2,9.8,9,0.8,NA,NA,0,NA,NA,0,NA,NA,0,NA,NA,0,NA,NA,0,NA,NA,NA,23.6,"81.8","2.510638298","0.3010204082",NA,14,2.510638298,0.3010204082,46.2,0.179331307,0.0215014577285714,"ng"
"122","SHEN",5,6,"ng","6-June-25","20-June-25","14","Donor","t2",8.576,8.977,1.501,1.685,0.184,0.401,65.7,65.7,14.8,0.4,5,NA,NA,NA,NA,NA,NA,NA,5.5,60.2,0,60.2,44.5,0,44.5,38.2,0.4,"37.8",17,6.8,10.2,52.8,8.4,44.4,NA,NA,0,NA,NA,0,NA,NA,0,NA,NA,0,NA,NA,0,NA,NA,NA,15.6,"202.6","1.054054054","0.07914764079",NA,14,1.054054054,0.07914764079,131.4,0.0752895752857143,0.00565340291357143,"ng"
"123","HOAL",2,5,"ng","7-June-25","21-June-25","14","Low","t2",8.776,9.058,8.899,9.016,0.117,0.282,51,50.2,10.2,0.4,4,NA,NA,NA,NA,NA,NA,NA,3.2,47,1.2,45.8,38.4,3,35.4,19,2.6,"16.4",NA,NA,0,NA,NA,0,NA,NA,0,NA,NA,0,NA,NA,0,NA,NA,0,NA,NA,0,6,NA,NA,12.8,"100.8","1.254901961","0.131147541",NA,14,1.254901961,0.131147541,81.6,0.0896358543571429,0.0093676815,"ng"
"126",NA,7,3,"g","7-June-25","13-June-25","6","High","t1",8.54,8.737,4.642,4.7,0.058,0.197,30,29.7,11.4,0.3,2,NA,NA,NA,0.572,0.573,0.001,50,6.4,19.6,0,19.6,23.3,0,23.3,NA,NA,"0",NA,NA,0,NA,NA,0,NA,NA,0,NA,NA,0,NA,NA,0,NA,NA,0,NA,NA,0,NA,NA,NA,0,"49.3","0","0",NA,6,0,0,18,0,0,"g"
"130","LAD2",9,6,"ng","7-June-25","21-June-25","14","Low","t2",8.963,9.44,0.8,0.885,0.085,0.477,93,87,20,0.5,5,NA,NA,NA,NA,NA,NA,NA,2,50,0,50,85,0,85,54.2,9.2,"45",52.4,7.2,45.2,13,6.4,6.6,NA,NA,0,NA,NA,0,NA,NA,0,NA,NA,0,NA,NA,0,NA,NA,NA,22.8,"233.8","1.14","0.09836065574",NA,14,1.14,0.09836065574,232.5,0.0814285714285714,0.00702576112428571,"ng"
"135",NA,7,6,"g","6-June-25","20-June-25","14","Donor","t2",8.665,9.109,0.762,0.833,0.071,0.444,68.9,68.9,22.5,0.4,6,NA,NA,NA,NA,NA,NA,NA,3.9,32.5,26.4,6.1,56.2,NA,56.2,60.5,50,"10.5",6.6,NA,6.6,65,50.2,14.8,NA,NA,0,NA,NA,0,NA,NA,0,NA,NA,0,NA,NA,0,6.5,NA,NA,133.1,"98.1","5.915555556","1.412951168",NA,14,5.915555556,1.412951168,165.36,0.422539682571429,0.100925083428571,"g"
"137",NA,1,6,"ng","7-June-25","13-June-25","6","High","t1",8.631,NA,4.686,4.758,0.072,-8.631,55.3,54.2,17.7,0.4,7,NA,NA,NA,0.619,0.62,0.001,20,3.6,39,0.7,38.3,34.2,0,34.2,46.1,0.9,"45.2",44.7,3.8,40.9,35.3,2,33.3,50.6,5.9,44.7,4.9,1.5,3.4,NA,NA,0,NA,NA,0,NA,NA,0,NA,NA,NA,14.8,"243.6","0.8361581921","0.06166666667",NA,6,0.8361581921,0.06166666667,154.84,0.139359698683333,0.0102777777783333,"ng"
"142","HAFE",5,5,"ng","7-June-25","13-June-25","6","Low","t2",8.696,8.989,4.727,4.83,0.103,0.293,60.7,60.7,14.8,0.5,4,NA,NA,NA,NA,NA,NA,NA,5,26.4,NA,26.4,33.8,7.1,26.7,55.7,5.7,"50",50.6,NA,50.6,NA,NA,0,NA,NA,0,NA,NA,0,NA,NA,0,NA,NA,0,NA,NA,0,NA,NA,NA,12.8,"158.7","0.8648648649","0.08327911516",NA,6,0.8648648649,0.08327911516,121.4,0.14414414415,0.0138798525266667,"ng"
"144","LARO",3,5,"g","7-June-25","21-June-25","14","Low","t2",8.614,8.717,1.239,1.257,0.018,0.103,38.5,38.5,8.2,0.2,3,NA,NA,NA,NA,NA,NA,NA,5,33.5,NA,33.5,7.2,NA,7.2,NA,NA,"0",NA,NA,0,NA,NA,0,NA,NA,0,NA,NA,0,NA,NA,0,NA,NA,0,NA,NA,0,7.5,NA,NA,7.5,"45.7","0.9146341463","0.1842751843",NA,14,0.9146341463,0.1842751843,23.1,0.06533101045,0.0131625131642857,"g"
"146",NA,6,7,"ng","6-June-25","20-June-25","14","Donor","t2",8.612,8.797,1.781,1.814,0.033,0.185,42.9,0,12.4,0.4,7,NA,NA,NA,NA,NA,NA,NA,NA,NA,NA,0,NA,NA,0,NA,NA,"0",NA,NA,0,NA,NA,0,NA,NA,0,NA,NA,0,NA,NA,0,NA,NA,0,NA,NA,0,NA,NA,"base too rotten to measure growth",0,"0","0","#DIV/0!",NA,14,0,NA,120.12,0,0,"ng"
"150","CONG",2,7,"ng","7-June-25","21-June-25","14","High","t2",8.799,9.131,1.375,1.533,0.158,0.332,70.5,69.4,16.6,0.4,7,NA,NA,NA,NA,NA,NA,NA,2.2,46.2,0,46.2,27.6,0,27.6,67.2,14.2,"53",36.2,4,32.2,42.2,30,12.2,34,25,9,NA,NA,0,NA,NA,0,NA,NA,0,NA,NA,0,12.2,NA,NA,85.4,"182.4","5.144578313","0.473917869",NA,14,5.144578313,0.473917869,197.4,0.3674698795,0.0338512763571429,"ng"
"153","LIG2",5,3,"g","7-June-25","21-June-25","14","Low","t2",8.975,9.241,1.622,1.671,0.049,0.266,53.5,0,10.9,0.4,2,NA,NA,NA,NA,NA,NA,NA,NA,NA,NA,0,NA,NA,0,NA,NA,"0",NA,NA,0,NA,NA,0,NA,NA,0,NA,NA,0,NA,NA,0,NA,NA,0,NA,NA,0,NA,NA,"mesured from imageJ",0,"0","0","#DIV/0!",NA,14,0,NA,42.8,0,0,"g"
"154","LRCH",10,3,"ng","7-June-25","21-June-25","14","Low","t2",8.735,8.952,1.486,1.571,0.085,0.217,56,52.6,12.2,0.3,6,NA,NA,NA,NA,NA,NA,NA,1.6,50,31.4,18.6,27.4,0.2,27.2,30,12.8,"17.2",51,14.2,36.8,17,6,11,NA,NA,0,NA,NA,0,NA,NA,0,NA,NA,0,NA,NA,0,5,NA,NA,69.6,"112.4","5.704918033","0.6281588448",NA,14,5.704918033,0.6281588448,100.8,0.407494145214286,0.0448684889142857,"ng"
"156",NA,1,6,"g","6-June-25","20-June-25","14","Donor","t2",8.917,9.838,1.65,1.81,0.16,0.921,126,126,23.3,0.6,7,NA,NA,NA,NA,NA,NA,NA,4,40.1,0,40.1,49.2,9.8,39.4,114.2,14.1,"100.1",52.8,4.2,48.6,122,0,122,95.4,0,95.4,106.3,0,106.3,NA,NA,0,NA,NA,0,NA,NA,0,NA,NA,NA,28.1,"555.9","1.206008584","0.05091502084",NA,14,1.206008584,0.05091502084,529.2,0.0861434702857143,0.00363678720285714,"g"
"157","DENA",6,6,"g","6-June-25","20-June-25","14","Donor","t2",8.764,9.126,1.485,1.629,0.144,0.362,75,75,12.2,0.5,5,NA,NA,NA,NA,NA,NA,NA,4.4,70.6,7.6,63,49,0,49,11,4.4,"6.6",54,2,52,33.4,2.2,31.2,NA,NA,0,NA,NA,0,NA,NA,0,NA,NA,0,NA,NA,0,NA,NA,NA,16.2,"206.2","1.327868852","0.08027750248",NA,14,1.327868852,0.08027750248,187.5,0.0948477751428571,0.00573410732,"g"
"158",NA,11,7,"g","7-June-25","13-June-25","6","Low","t1",10.197,NA,4.68,4801,4796,-10.197,60.5,60.5,19,0.5,8,NA,NA,NA,0.486,0.488,0.002,100,6.4,46.6,0,46.6,54.1,0,54.1,43.9,6.4,"37.5",41.2,0,41.2,39.8,6.7,33.1,38,0,38,17,7.2,9.8,54.1,13.4,40.7,NA,NA,0,NA,NA,0,NA,NA,NA,33.7,"307.4","1.773684211","0.1119601329",NA,6,1.773684211,0.1119601329,242,0.295614035166667,0.01866002215,"g"
"161","HONO",2,5,"ng","7-June-25","21-June-25","14","Low","t2",8.685,8.909,1.662,1.873,0.211,0.224,49.1,49.1,7.2,0.4,4,NA,NA,NA,NA,NA,NA,NA,3.4,21.6,5,16.6,20.4,7.2,13.2,14.3,NA,"14.3",45.7,NA,45.7,NA,NA,0,NA,NA,0,NA,NA,0,NA,NA,0,NA,NA,0,NA,NA,0,NA,NA,NA,12.2,"93.2","1.694444444","0.135857461",NA,14,1.694444444,0.135857461,78.56,0.121031746,0.00970410435714286,"ng"
"165",NA,9,6,"g","7-June-25","13-June-25","6","High","t1",8.68,8.939,4.697,4.725,0.028,0.259,58.8,57.8,17.7,0.4,6,NA,NA,NA,0.471,0.474,0.003,50,7.2,26.7,0,26.7,19,0,19,26.8,0,"26.8",48.2,2.4,45.8,3.6,0,3.6,50.6,0,50.6,NA,NA,0,NA,NA,0,NA,NA,0,NA,NA,0,NA,NA,NA,2.4,"179.7","0.1355932203","0.01391304348",NA,6,0.1355932203,0.01391304348,141.12,0.02259887005,0.00231884058,"g"
"166",NA,2,5,"ng","7-June-25","13-June-25","6","High","t1",8.613,8.85,4.712,4.765,0.053,0.237,60.6,57,17.5,0.3,7,NA,NA,NA,0.646,0.648,0.002,NA,3.1,53.9,0,53.9,50.7,0,50.7,23.9,0.5,"23.4",36.6,0.9,35.7,40.7,3.1,37.6,6.8,0.2,6.6,10,3.1,6.9,NA,NA,0,NA,NA,0,NA,NA,0,NA,NA,NA,7.8,"217.9","0.4457142857","0.03631284916",NA,6,0.4457142857,0.03631284916,127.26,0.0742857142833333,0.00605214152666667,"ng"
"169","PIG2",6,5,"g","7-June-25","21-June-25","14","Low","t2",8.782,8.916,1.54,1.558,0.018,0.134,13.5,0,NA,0.2,2,NA,NA,0,NA,NA,NA,NA,NA,NA,NA,0,NA,NA,0,NA,NA,"0",NA,NA,0,NA,NA,0,NA,NA,0,NA,NA,0,NA,NA,0,NA,NA,0,NA,NA,0,NA,NA,"measured from imageJ, sheath too wrangled",0,"0","#DIV/0!","#DIV/0!",NA,14,NA,NA,5.4,0,0,"g"
"170","GOT3",5,6,"ng","7-June-25","21-June-25","14","Low","t2",8.725,9.084,1.515,1.659,0.144,0.359,68.2,68.2,11,0.5,6,NA,NA,NA,NA,NA,NA,NA,2.2,28.7,0.6,28.1,43.8,0.5,43.3,66,1.2,"64.8",26,9.7,16.3,41,14.6,26.4,21.2,7.9,13.3,NA,NA,0,NA,NA,0,NA,NA,0,NA,NA,0,NA,NA,NA,34.5,"194.4","3.136363636","0.1795005203",NA,14,3.136363636,0.1795005203,204.6,0.224025974,0.0128214657357143,"ng"
"174","HRS2",6,6,"g","7-June-25","21-June-25","14","Low","t2",8.943,9.287,0.798,0.854,0.056,0.344,73.9,74,14.4,0.5,4,NA,NA,NA,NA,NA,NA,NA,3.9,67.4,0,67.4,30,23.4,6.6,36.8,22.8,"14",70.1,6.3,63.8,NA,NA,0,NA,NA,0,NA,NA,0,NA,NA,0,NA,NA,0,NA,NA,0,NA,NA,NA,52.5,"155.7","3.645833333","0.3458498024",NA,14,3.645833333,0.3458498024,147.8,0.260416666642857,0.0247035573142857,"g"
"175",NA,6,4,"ng","6-June-25","12-June-25","6","Donor","t1",8.571,8.997,4.773,4.823,0.05,0.426,148.8,147.4,17,0.4,5,NA,NA,NA,0.506,0.51,0.004,330,5.4,85.4,0,85.4,59.4,3,56.4,109.8,2.6,"107.2",142,0.2,141.8,16.3,0,16.3,NA,NA,0,NA,NA,0,NA,NA,0,NA,NA,0,NA,NA,0,NA,NA,NA,5.8,"412.5","0.3411764706","0.01424711373",NA,6,0.3411764706,0.01424711373,297.6,0.0568627451,0.002374518955,"ng"
"176","GOT3",5,7,"ng","6-June-25","20-June-25","14","Low","t2",8.725,9.084,1.65,1.817,0.167,0.359,90,0,11,0.5,7,NA,NA,1,NA,NA,NA,NA,NA,NA,NA,0,NA,NA,0,NA,NA,"0",NA,NA,0,NA,NA,0,NA,NA,0,NA,NA,0,NA,NA,0,NA,NA,0,NA,NA,0,NA,NA,"measured from imageJ",0,"0","0","#DIV/0!",NA,14,0,NA,315,0,0,"ng"
"178",NA,7,5,"g","7-June-25","13-June-25","6","High","t1",8.577,NA,4.713,4.812,0.099,-8.577,58.1,62.4,19.4,0.4,7,NA,NA,NA,0.521,0.521,0,25,3.4,34.5,0,34.5,26.3,0,26.3,30.4,0,"30.4",54.5,0,54.5,40,0.1,39.9,51.4,0.1,51.3,59,0.7,58.3,NA,NA,0,NA,NA,0,NA,NA,0,NA,NA,NA,0.9,"298.6","0.04639175258","0.003048780488",NA,6,0.04639175258,0.003048780488,162.68,0.00773195876333333,0.000508130081333333,"g"
"181",NA,3,6,"ng","7-June-25","13-June-25","6","High","t1",8.597,8.81,4.764,4.782,0.018,0.213,45.4,47,15.9,0.3,5,NA,NA,NA,0.527,0.529,0.002,90,2.8,36.5,0,36.5,37.2,0.5,36.7,25.9,1.6,"24.3",44.2,7.6,36.6,38.7,6.1,32.6,NA,NA,0,NA,NA,0,NA,NA,0,NA,NA,0,NA,NA,0,NA,NA,NA,15.8,"169.5","0.9937106918","0.09478104379",NA,6,0.9937106918,0.09478104379,68.1,0.165618448633333,0.0157968406316667,"ng"
"183","YOSE",2,5,"ng","7-June-25","21-June-25","14","High","t2",8.726,8.935,1.362,1.467,0.105,0.209,46.4,46.2,9.4,0.4,4,NA,NA,NA,NA,NA,NA,NA,4,36,9.2,26.8,42.2,7.9,34.3,21.2,5.2,"16",40.4,1.2,39.2,NA,NA,0,NA,NA,0,NA,NA,0,NA,NA,0,NA,NA,0,NA,NA,0,NA,NA,NA,23.5,"120.3","2.5","0.2020636285",NA,14,2.5,0.2020636285,74.24,0.178571428571429,0.0144331163214286,"ng"
"185","LMB2",1,6,"g","7-June-25","21-June-25","14","High","t2",8.623,9.63,1.496,1.527,0.031,1.007,26,0,9.5,0.3,2,NA,NA,NA,NA,NA,NA,NA,NA,NA,NA,0,NA,NA,0,NA,NA,"0",NA,NA,0,NA,NA,0,NA,NA,0,NA,NA,0,NA,NA,0,NA,NA,0,NA,NA,0,NA,NA,"measured from imageJ",0,"0","0","#DIV/0!",NA,14,0,NA,15.6,0,0,"g"
"188","HMLK",10,5,"ng","7-June-25","21-June-25","14","Low","t2",9.034,9.26,0.709,0.758,0.049,0.226,48,48.2,12,0.3,5,NA,NA,NA,NA,NA,NA,NA,4.8,22,0,22,43.4,6.8,36.6,8.6,5.4,"3.2",31,0,31,16,1.2,14.8,NA,NA,0,NA,NA,0,NA,NA,0,NA,NA,0,NA,NA,0,NA,NA,NA,13.4,"112.4","1.116666667","0.124535316",NA,14,1.116666667,0.124535316,72,0.0797619047857143,0.00889537971428571,"ng"
"191",NA,10,7,"ng","7-June-25","13-June-25","6","Low","t1",10.136,NA,4.631,4.808,0.177,-10.136,52,51.4,19.4,0.3,8,NA,NA,NA,0.491,0.492,0.001,150,5.2,21.2,0,21.2,20,6,14,46.2,0,"46.2",4.8,0,4.8,29.4,9.2,20.2,32.4,6.8,25.6,34.8,10.2,24.6,NA,NA,0,NA,NA,0,NA,NA,0,1,NA,NA,33.2,"161.8","1.711340206","0.2120051086",NA,6,1.711340206,0.2120051086,124.8,0.285223367666667,0.0353341847666667,"ng"
"192","MRND",2,6,"ng","7-June-25","21-June-25","14","High","t2",8.745,9.284,1.228,1.408,0.18,0.539,67.1,68,15.7,0.5,7,NA,NA,NA,NA,NA,0,NA,6.6,18.4,0.2,18.2,52.6,0.7,51.9,61.4,25.1,"36.3",38.1,24.8,13.3,49.8,NA,49.8,44,29.2,14.8,43.1,33.1,10,NA,NA,0,NA,NA,0,NA,NA,0,NA,NA,"double shoot?",113.1,"200.9","7.203821656","0.5820895522",NA,14,7.203821656,0.5820895522,234.85,0.514558689714286,0.0415778251571429,"ng"
"197",NA,8,5,"g","7-June-25","13-June-25","6","High","t1",8.563,8.742,4.67,4.804,0.134,0.179,70,69.4,18.6,0.4,5,NA,NA,NA,0.573,0.575,0.002,200,5.6,48.4,0,48.4,43.4,0.3,43.1,63.8,9.6,"54.2",34.6,10.6,24,58.8,4.8,54,NA,NA,0,NA,NA,0,NA,NA,0,NA,NA,0,NA,NA,0,NA,NA,NA,25.3,"229.3","1.360215054","0.113097899",NA,6,1.360215054,0.113097899,140,0.226702509,0.0188496498333333,"g"
"199",NA,10,6,"g","7-June-25","13-June-25","6","High","t1",8.68,8.896,4.724,4.829,0.105,0.216,56,64.4,17.1,0.4,2,NA,NA,NA,0.544,0.545,0.001,75,6.2,49.4,0,49.4,58.2,0,58.2,NA,NA,"0",NA,NA,0,NA,NA,0,NA,NA,0,NA,NA,0,NA,NA,0,NA,NA,0,NA,NA,0,NA,NA,NA,0,"113.8","0","0",NA,6,0,0,44.8,0,0,"g"
"203","HRSI",6,6,"g","7-June-25","21-June-25","14","Low","t2",8.657,8.768,1.819,1.823,0.004,0.111,34.6,22.7,4.3,0.3,1,NA,NA,NA,NA,NA,0,NA,3.5,19.2,4.1,15.1,NA,NA,0,NA,NA,"0",NA,NA,0,NA,NA,0,NA,NA,0,NA,NA,0,NA,NA,0,NA,NA,0,NA,NA,0,NA,NA,NA,4.1,"18.6","0.9534883721","0.2715231788",NA,14,0.9534883721,0.2715231788,10.38,0.0681063122928571,0.0193945127714286,"g"
"206","ACAD",3,10,"g","7-June-25","21-June-25","14","High","t2",8.712,8.926,1.712,1.796,0.084,0.214,56.2,100,16.8,0.4,6,NA,NA,NA,NA,NA,0,NA,4,88.5,NA,88.5,96,24.5,71.5,33.4,NA,"33.4",51.5,11.2,40.3,82.5,20,62.5,34,12,22,NA,NA,0,NA,NA,0,NA,NA,0,NA,NA,0,NA,NA,"*",67.7,"322.2","4.029761905","0.2127592709",NA,14,4.029761905,0.2127592709,134.88,0.287840136071429,0.0151970907785714,"g"
"214",NA,4,6,"g","6-June-25","12-June-25","6","Donor","t1",10.046,10.186,4.788,4.833,0.045,0.14,46.9,43.1,3.8,0.3,4,NA,NA,NA,0.506,0.507,0.001,50,8.5,13.5,1.1,12.4,34.6,0,34.6,6.1,0,"6.1",7.5,0,7.5,NA,NA,0,NA,NA,0,NA,NA,0,NA,NA,0,NA,NA,0,NA,NA,0,NA,NA,NA,1.1,"69.1","0.2894736842","0.01815181518",NA,6,0.2894736842,0.01815181518,56.28,0.0482456140333333,0.00302530253,"g"
"219",NA,1,6,"g","6-June-25","20-June-25","14","Donor","t2",8.811,8.854,NA,NA,0,0.043,30,0,2.8,0.3,1,NA,NA,NA,NA,NA,0,NA,NA,NA,NA,0,NA,NA,0,NA,NA,"0",NA,NA,0,NA,NA,0,NA,NA,0,NA,NA,0,NA,NA,0,NA,NA,0,NA,NA,0,NA,NA,"broken on both sides, no rhizome",0,"0","0","#DIV/0!",NA,14,0,NA,9,0,0,"g"
"223","RAT3",8,4,"g","7-June-25","21-June-25","14","Low","t2",8.943,9.705,1.6,1.662,0.062,0.762,96.3,96.3,18.8,0.6,7,NA,NA,NA,NA,NA,0,NA,1.4,70,1.5,68.5,86.3,NA,86.3,89.8,2.8,"87",52.8,3.8,49,94.9,NA,94.9,NA,NA,0,NA,NA,0,NA,NA,0,NA,NA,0,NA,NA,0,9.7,3,NA,20.8,"387.1","1.106382979","0.05392792326",NA,14,1.106382979,0.05392792326,404.46,0.0790273556428571,0.00385199451857143,"g"
"225",NA,14,7,"g","7-June-25","13-June-25","6","Low","t1",9.87,10.555,4.648,4.712,0.064,0.685,128.8,128.8,29,0.4,6,NA,NA,NA,0.595,0.598,0.003,200,6.3,122.5,0.2,122.3,57,0,57,31.2,0,"31.2",21.2,6.6,14.6,80,8.8,71.2,102.3,7.9,94.4,NA,NA,0,NA,NA,0,NA,NA,0,NA,NA,0,NA,NA,NA,23.5,"397","0.8103448276","0.0601484515",NA,6,0.8103448276,0.0601484515,309.12,0.135057471266667,0.0100247419166667,"g"
"232","HOFR",5,5,"ng","7-June-25","21-June-25","14","Low","t2",NA,NA,1.498,1.531,0.033,0,28.3,28.3,5,0.3,3,NA,NA,NA,NA,NA,0,NA,1.4,26.9,4.1,22.8,15.7,6.3,9.4,21.3,0.2,"21.1",NA,NA,0,NA,NA,0,NA,NA,0,NA,NA,0,NA,NA,0,NA,NA,0,NA,NA,0,NA,NA,NA,10.6,"54.7","2.12","0.1988742964",NA,14,2.12,0.1988742964,25.47,0.151428571428571,0.0142053068857143,"ng"
"234",NA,3,4,"g","6-June-25","12-June-25","6","Donor","t1",8.622,8.739,4.65,4.706,0.056,0.117,16.7,0,6.7,0.4,0,NA,NA,NA,0.615,0.616,0.001,180,NA,NA,NA,0,NA,NA,0,NA,NA,"0",NA,NA,0,NA,NA,0,NA,NA,0,NA,NA,0,NA,NA,0,NA,NA,0,NA,NA,0,NA,NA,"too rangled for measurment",0,"0","0","#DIV/0!",NA,6,0,NA,0,0,0,"g"
"236","shen",5,6,"ng","6-June-25","20-June-25","14","Donor","t2",8.658,8.898,1.419,1.54,0.121,0.24,38,38,14.2,0.4,8,NA,NA,NA,NA,NA,0,NA,2,8.9,3,5.9,11.7,4.6,7.1,19,5,"14",36,7,29,11.4,9.4,2,29.2,10.8,18.4,27.4,5,22.4,NA,NA,0,NA,NA,0,NA,NA,0,4.4,NA,NA,49.2,"100.8","3.464788732","0.4979757085",NA,14,3.464788732,0.4979757085,121.6,0.247484909428571,0.0355696934642857,"ng"
"240",NA,6,6,"ng","6-June-25","12-June-25","6","Donor","t1",10.121,10.241,4.761,4.775,0.014,0.12,61.4,0,2.2,0.4,0,NA,NA,NA,0.516,0.516,0,60,NA,NA,NA,0,NA,NA,0,NA,NA,"0",NA,NA,0,NA,NA,0,NA,NA,0,NA,NA,0,NA,NA,0,NA,NA,0,NA,NA,0,NA,NA,NA,0,"0","0","#DIV/0!",NA,6,0,NA,0,0,0,"ng"
"242","AFGO",4,6,"ng","7-June-25","21-June-25","14","High","t2",8.675,9.137,1.454,1.553,0.099,0.462,91.7,92,22.1,0.4,6,NA,NA,NA,NA,NA,0,NA,3.4,60.7,0,60.7,69.8,0,69.8,88.6,0.6,"88",48.8,6.7,42.1,83.1,2.4,80.7,15.9,8.4,7.5,NA,NA,0,NA,NA,0,NA,NA,0,NA,NA,0,NA,NA,NA,18.1,"352.2","0.8190045249","0.05189220183",NA,14,0.8190045249,0.05189220183,220.08,0.0585003232071429,0.003706585845,"ng"
"244",NA,13,5,"ng","7-June-25","13-June-25","6","Low","t1",10.075,10.337,4.748,4.791,0.043,0.262,35.3,65.3,9.2,0.4,6,NA,NA,NA,0.514,0.516,0.002,150,2.6,34.4,2.1,32.3,47.4,0,47.4,62.7,3.4,"59.3",36.5,8.3,28.2,27.3,12.6,14.7,39.3,2.2,37.1,NA,NA,0,NA,NA,0,NA,NA,0,NA,NA,0,NA,NA,NA,28.6,"221.6","3.108695652","0.1305936073",NA,6,3.108695652,0.1305936073,84.72,0.518115942,0.0217656012166667,"ng"
"250","HOME",10,6,"ng","7-June-25","21-June-25","14","Low","t2",8.746,9.136,1.537,1.715,0.178,0.39,70,69.8,6.2,0.4,5,NA,NA,NA,NA,NA,0,NA,6.8,63,0,63,37,0,37,60,1.4,"58.6",46,10,36,45,10,35,NA,NA,0,NA,NA,0,NA,NA,0,NA,NA,0,NA,NA,0,NA,NA,NA,21.4,"236.4","3.451612903","0.09320557491",NA,14,3.451612903,0.09320557491,140,0.246543778785714,0.006657541065,"ng"
"251",NA,14,6,"ng","7-June-25","13-June-25","6","Low","t1",10.245,NA,4.685,4.813,0.128,-10.245,86.3,86.3,20.4,0.5,8,NA,NA,NA,0.497,0.499,0.002,90,5.9,73.6,0,73.6,31.4,5.7,25.7,34.5,0,"34.5",75.8,4,71.8,76.6,8.8,67.8,18.7,1.4,17.3,80.4,0,80.4,31.4,0,31.4,NA,NA,0,NA,NA,0,NA,NA,NA,19.9,"408.4","0.9754901961","0.04944099379",NA,6,0.9754901961,0.04944099379,345.2,0.16258169935,0.00824016563166667,"ng"
"256",NA,11,5,"ng","7-June-25","21-June-25","14","Low","t2",8.962,9.276,1.548,1.682,0.134,0.314,43.8,43.8,12.9,0.4,7,NA,NA,NA,NA,NA,0,NA,2.4,22.4,10,12.4,34,7,27,7.9,5.4,"2.5",41.4,8,33.4,36.8,16,20.8,19.2,13.5,5.7,NA,NA,0,NA,NA,0,NA,NA,0,NA,NA,0,5.2,NA,NA,65.1,"104.2","5.046511628","0.6394891945",NA,14,5.046511628,0.6394891945,122.64,0.360465116285714,0.0456777996071429,"ng"
"257","PIG1",6,6,"g","7-June-25","21-June-25","14","Low","t2",8.982,9.677,9.17,9.229,0.059,0.695,85.2,85.2,27.9,0.6,6,NA,NA,NA,NA,NA,0,NA,3.6,53.6,0,53.6,59.1,0,59.1,58,8.6,"49.4",81.6,14.6,67,73,0.2,72.8,49.1,10,39.1,NA,NA,0,NA,NA,0,NA,NA,0,NA,NA,0,NA,NA,NA,33.4,"344.6","1.197132616","0.09794721408",NA,14,1.197132616,0.09794721408,306.72,0.0855094725714286,0.00699622957714286,"g"
"261","KATM",1,7,"ng","7-June-25","21-June-25","14","High","t2",8.582,9.157,1.437,NA,-1.437,0.575,87.7,77.9,14.1,0.4,7,NA,NA,NA,NA,NA,0,NA,4.4,26.7,NA,26.7,48.6,0.2,48.4,57.6,1.2,"56.4",73.5,7.9,65.6,41.7,21.9,19.8,40.6,21.3,19.3,NA,NA,0,NA,NA,0,NA,NA,0,NA,NA,0,NA,3.8,NA,56.3,"240.6","3.992907801","0.2383573243",NA,14,3.992907801,0.2383573243,245.56,0.285207700071429,0.0170255231642857,"ng"
"263",NA,2,9,"g","6-June-25","12-June-25","6","Low","t1",10.217,10.426,4.603,4.777,0.174,0.209,43,0,9.9,0.5,7,NA,NA,2,0.475,0.476,0.001,130,NA,NA,NA,0,NA,NA,0,NA,NA,"0",NA,NA,0,NA,NA,0,NA,NA,0,NA,NA,0,NA,NA,0,NA,NA,0,NA,NA,0,NA,NA,"length and shoot number from imageJ",0,"0","0","#DIV/0!",NA,6,0,NA,150.5,0,0,"g"
"269","shen",5,6,"ng","6-June-25","20-June-25","14","Donor","t2",8.74,9.072,1.246,1.329,0.083,0.332,64.2,64.2,13.2,0.4,6,NA,NA,NA,NA,NA,0,NA,5.2,5,4,1,11,7,4,10,3.2,"6.8",14.8,10.2,4.6,59,5.8,53.2,38,25.2,12.8,NA,NA,0,NA,NA,0,NA,NA,0,NA,NA,0,NA,NA,NA,55.4,"87.6","4.196969697","0.6723300971",NA,14,4.196969697,0.6723300971,154.08,0.299783549785714,0.0480235783642857,"ng"
"273","HART",4,NA,"g","7-June-25","21-June-25","14","Low","t2",8.931,9.412,8.92,9.212,0.292,0.481,82.8,83.2,17,0.4,6,NA,NA,NA,NA,NA,0,NA,6,48,0,48,77.2,9.6,67.6,56,0,"56",23.8,16.4,7.4,65.8,19.6,46.2,NA,NA,0,NA,NA,0,NA,NA,0,NA,NA,0,NA,NA,0,2.2,NA,NA,47.8,"231.2","2.811764706","0.2122557726",NA,14,2.811764706,0.2122557726,198.72,0.200840336142857,0.0151611266142857,"g"
"277","BEFI",2,6,"ng","7-June-25","21-June-25","14","High","t2",8.726,8.882,1.556,1.65,0.094,0.156,42.5,0,19,0.5,1,NA,NA,NA,NA,NA,0,NA,NA,NA,NA,0,NA,NA,0,NA,NA,"0",NA,NA,0,NA,NA,0,NA,NA,0,NA,NA,0,NA,NA,0,NA,NA,0,NA,NA,0,NA,NA,", measured from image J(one piece of blade)",0,"0","0","#DIV/0!",NA,14,0,NA,21.25,0,0,"ng"
"288","GRSM",3,7,"g","7-June-25","21-June-25","14","High","t2",8.767,9.152,1.543,1.817,0.274,0.385,68.3,69.2,29.6,0.5,4,NA,NA,NA,NA,NA,0,NA,10.3,37.1,0.6,36.5,54,NA,54,58.9,7.1,"51.8",NA,NA,0,NA,NA,0,NA,NA,0,NA,NA,0,NA,NA,0,NA,NA,0,NA,NA,0,NA,10.1,"twist tie cutbrhizome",17.8,"152.6","0.6013513514","0.1250878426",NA,14,0.6013513514,0.1250878426,136.6,0.0429536679571429,0.0089348459,"g"
"290","GRBA",2,5,"ng","7-June-25","21-June-25","14","High","t2",8.639,8.925,1.481,1.545,0.064,0.286,35,0,NA,0.4,1,NA,NA,NA,NA,NA,0,NA,NA,NA,NA,0,NA,NA,0,NA,NA,"0",NA,NA,0,NA,NA,0,NA,NA,0,NA,NA,0,NA,NA,0,NA,NA,0,NA,NA,0,NA,NA,"no shoot, one rough blade measured from imageJ",0,"0","#DIV/0!","#DIV/0!",NA,14,NA,NA,14,0,0,"ng"
"297",NA,3,6,"ng","7-June-25","13-June-25","6","Low","t1",10.184,10.494,4.657,4.746,0.089,0.31,115.4,115.4,20.6,0.4,6,NA,NA,NA,0.595,NA,-0.595,200,2.5,45.7,0,45.7,25.4,0,25.4,98.4,19.7,"78.7",112.9,0,112.9,87,0,87,40,0,40,NA,NA,0,NA,NA,0,NA,NA,0,NA,NA,0,NA,NA,NA,19.7,"392.2","0.9563106796","0.05055170644",NA,6,0.9563106796,0.05055170644,276.96,0.159385113266667,0.00842528440666667,"ng"
"300",NA,5,4,"ng","7-June-25","13-June-25","6","Low","t1",10.273,10.348,4.682,4.694,0.012,0.075,54.4,55,12.7,0.3,8,NA,NA,NA,0.576,0.581,0.005,200,3,28.6,0,28.6,29.5,0,29.5,14.6,0,"14.6",37.3,0,37.3,52,0.2,51.8,35.3,1.2,34.1,31,6.1,24.9,10.4,3.5,6.9,NA,NA,0,NA,NA,0,NA,NA,NA,11,"230.7","0.8661417323","0.04830917874",NA,6,0.8661417323,0.04830917874,130.56,0.144356955383333,0.00805152979,"ng"
"301","AFBG",4,5,"ng","7-June-25","21-June-25","14","High","t2",8.586,8.903,1.548,1.706,0.158,0.317,29.1,0,12,0.4,4,NA,NA,NA,NA,NA,0,NA,NA,NA,NA,0,NA,NA,0,NA,NA,"0",NA,NA,0,NA,NA,0,NA,NA,0,NA,NA,0,NA,NA,0,NA,NA,0,NA,NA,0,NA,NA,"mangled",0,"0","0","#DIV/0!",NA,14,0,NA,46.56,0,0,"ng"
"305",NA,14,7,"ng","7-June-25","13-June-25","6","Low","t1",10.289,NA,4.728,4.796,0.068,-10.289,74.9,74.9,42,0.4,6,NA,NA,NA,0.602,0.61,0.008,280,9.8,23.3,0,23.3,54.6,0,54.6,34.1,0,"34.1",65.1,0,65.1,58,0,58,54.8,0,54.8,NA,NA,0,NA,NA,0,NA,NA,0,NA,NA,0,NA,NA,NA,0,"299.7","0","0",NA,6,0,0,179.76,0,0,"ng"
"307",NA,8,6,"ng","6-June-25","20-June-25","14","Donor","t2",NA,NA,1.481,1.562,0.081,0,59,0,20,0.5,4,NA,NA,NA,NA,NA,0,NA,NA,NA,NA,0,NA,NA,0,NA,NA,"0",NA,NA,0,NA,NA,0,NA,NA,0,NA,NA,0,NA,NA,0,NA,NA,0,NA,NA,0,NA,NA,"not measurable",0,"0","0","#DIV/0!",NA,14,0,NA,118,0,0,"ng"
"310","LABE",3,6,"g","7-June-25","21-June-25","14","Low","t2",NA,NA,1.73,1.804,0.074,0,43.2,43.2,14.4,0.4,5,NA,NA,NA,NA,NA,0,NA,4,34.6,0.2,34.4,39.2,0,39.2,30,NA,"30",30.2,7,23.2,23.4,5.2,18.2,NA,NA,0,NA,NA,0,NA,NA,0,NA,NA,0,NA,NA,0,NA,NA,NA,12.4,"149","0.8611111111","0.08551724138",NA,14,0.8611111111,0.08551724138,86.4,0.0615079365071429,0.00610837438428571,"g"
"328","OOAK",10,6,"ng","7-June-25","21-June-25","14","Low","t2",8.84,9.21,0.659,0.724,0.065,0.37,63,62.4,26,0.6,7,NA,NA,NA,NA,NA,0,NA,3.2,22.4,0,22.4,56.8,0,56.8,27.4,0,"27.4",16.2,11,5.2,42.5,16.6,25.9,59.2,3,56.2,NA,NA,0,NA,NA,0,NA,NA,0,NA,NA,0,0.4,NA,NA,31,"197.1","1.192307692","0.1598762249",NA,14,1.192307692,0.1598762249,264.6,0.0851648351428571,0.01141973035,"ng"
"330","LALO",11,3,"g","7-June-25","21-June-25","14","Low","t2",8.731,8.919,1.437,1.487,0.05,0.188,45,45.2,8.2,0.3,4,NA,NA,NA,NA,NA,0,NA,2.2,30.2,3,27.2,43,0.2,42.8,10,5,"5",NA,NA,0,NA,NA,0,NA,NA,0,NA,NA,0,NA,NA,0,NA,NA,0,NA,NA,0,5.4,NA,NA,13.6,"77.2","1.658536585","0.1813333333",NA,14,1.658536585,0.1813333333,54,0.118466898928571,0.01295238095,"g"
"333",NA,4,4,"g","7-June-25","21-June-25","14","Low","t2",8.909,9.036,4.68,4.797,0.117,0.127,21.2,21.2,8.4,0.3,4,NA,NA,NA,NA,NA,0,NA,5.1,8.9,7.9,1,14.2,13.4,0.8,14,13.7,"0.3",16.1,15.2,0.9,NA,NA,0,NA,NA,0,NA,NA,0,NA,NA,0,NA,NA,0,NA,NA,0,NA,NA,NA,50.2,"8.1","5.976190476","16.73333333",NA,14,5.976190476,16.73333333,25.44,0.426870748285714,1.195238095,"g"
"335","PIG3",6,NA,"g","7-June-25","21-June-25","14","Low","t2",8.707,9.017,1.477,1.537,0.06,0.31,57.2,57.2,12.2,0.5,5,NA,NA,NA,NA,NA,0,NA,1.8,55.4,19.3,36.1,36,22,14,42.8,36,"6.8",35.2,22.9,12.3,38.2,9.7,28.5,NA,NA,0,NA,NA,0,NA,NA,0,NA,NA,0,NA,NA,0,NA,NA,NA,109.9,"99.5","9.008196721","1.124872057",NA,14,9.008196721,1.124872057,143,0.643442622928571,0.0803480040714286,"g"
"338","HEHO",4,7,"g","7-June-25","21-June-25","14","Low","t2",8.688,8.817,1.267,1.364,0.097,0.129,32.4,32.4,12.8,0.3,11,NA,NA,NA,NA,NA,0,NA,4,28.2,1.2,27,27.8,0,27.8,17,7.4,"9.6",28.4,13.4,15,11,4.5,6.5,24,0,24,10.2,3.2,7,22.5,16.4,6.1,20.2,8.8,11.4,25.2,14.5,10.7,6.4,NA,NA,75.8,"149.1","5.921875","0.522398346",NA,14,5.921875,0.522398346,106.92,0.422991071428571,0.0373141675714286,"g"
"341",NA,8,6,"g","7-June-25","13-June-25","6","High","t1",8.624,9.13,4.716,4.754,0.038,0.506,69.4,87.7,5.8,0.3,7,NA,NA,NA,0.477,0.479,0.002,100,3,43.6,0,43.6,28.2,0,28.2,76.2,0,"76.2",84.7,0.1,84.6,60.1,2.2,57.9,83.3,9.7,73.6,40.5,2.4,38.1,NA,NA,0,NA,NA,0,NA,NA,0,NA,NA,NA,14.4,"405.2","2.482758621","0.03580308304",NA,6,2.482758621,0.03580308304,145.74,0.4137931035,0.00596718050666667,"g"
"345","LAD3",9,6,"ng","7-June-25","21-June-25","14","Low","t2",8.848,9.241,8.984,9.002,0.018,0.393,56,52.6,10,0.4,6,NA,NA,NA,NA,NA,0,NA,3.4,34,0,34,35,0,35,49.2,0,"49.2",46,14.8,31.2,29.4,15.8,13.6,NA,NA,0,NA,NA,0,NA,NA,0,NA,NA,0,NA,NA,0,2.6,NA,NA,33.2,"166.4","3.32","0.2036809816",NA,14,3.32,0.2036809816,134.4,0.237142857142857,0.0145486415428571,"ng"
"348",NA,1,6,"g","6-June-25","20-June-25","14","Donor","t2",8.902,9.066,1.53,1.641,0.111,0.164,35,0,10,0.5,2,NA,NA,NA,NA,NA,0,NA,NA,NA,NA,0,NA,NA,0,NA,NA,"0",NA,NA,0,NA,NA,0,NA,NA,0,NA,NA,0,NA,NA,0,NA,NA,0,NA,NA,0,NA,NA,"too rotten",0,"0","0","#DIV/0!",NA,14,0,NA,35,0,0,"g"
"349",NA,16,5,"g","7-June-25","13-June-25","6","Low","t1",10.191,9.938,4.702,4.763,0.061,-0.253,51.1,51.1,17.3,0.3,5,NA,NA,NA,0.52,0.521,0.001,70,5.7,5.5,1.4,4.1,41.2,2.1,39.1,45.4,0.2,"45.2",23.8,13.6,10.2,26.7,13.4,13.3,NA,NA,0,NA,NA,0,NA,NA,0,NA,NA,0,NA,NA,0,NA,NA,NA,30.7,"117.6","1.774566474","0.2743521001",NA,6,1.774566474,0.2743521001,76.65,0.295761079,0.0457253500166667,"g"
"350",NA,11,7,"g","7-June-25","13-June-25","6","Low","t1",10.23,NA,4.773,4.806,0.033,-10.23,85.2,85.2,25,0.5,8,NA,NA,NA,0.5288,0.532,0.0032,NA,4.5,43.5,0,43.5,80.7,0,80.7,27.4,0,"27.4",16,11.4,4.6,16,11.3,4.7,43.5,2.5,41,50.6,0,50.6,NA,NA,0,NA,NA,0,NA,NA,0,6.2,NA,NA,31.4,"257","1.256","0.1243564356",NA,6,1.256,0.1243564356,340.8,0.209333333333333,0.0207260726,"g"
"351",NA,2,5,"g","7-June-25","13-June-25","6","Low","t1",10.236,10.238,4.672,4.733,0.061,0.002,40.8,40.8,17.3,0.3,4,NA,NA,NA,0.488,0.489,0.001,NA,5.2,4.5,0,4.5,29.6,0,29.6,10.7,0,"10.7",35.6,0.4,35.2,NA,NA,0,NA,NA,0,NA,NA,0,NA,NA,0,NA,NA,0,NA,NA,0,NA,NA,NA,0.4,"85.2","0.02312138728","0.005",NA,6,0.02312138728,0.005,48.96,0.00385356454666667,0.000833333333333333,"g"
"352","GAAR",2,5,"ng","7-June-25","21-June-25","14","High","t2",8.712,8.758,1.587,1.67,0.083,0.046,69.9,69.9,15.8,0.4,3,NA,NA,NA,NA,NA,0,NA,3.4,54.6,2.5,52.1,66.5,NA,66.5,32.7,NA,"32.7",NA,NA,0,NA,NA,0,NA,NA,0,NA,NA,0,NA,NA,0,NA,NA,0,NA,NA,0,NA,NA,NA,2.5,"154.7","0.1582278481","0.01652346332",NA,14,0.1582278481,0.01652346332,83.88,0.01130198915,0.00118024738,"ng"
"353","PINE",10,6,"ng","7-June-25","21-June-25","14","Low","t2",8.857,9.085,0.778,0.85,0.072,0.228,79.3,69.2,20,0.5,6,NA,NA,NA,NA,NA,0,NA,3.6,65.6,0,65.6,43.2,0,43.2,43,0,"43",23.6,23.6,0,16.4,16.1,0.3,NA,NA,0,NA,NA,0,NA,NA,0,NA,NA,0,NA,NA,0,14.6,NA,NA,54.3,"155.7","2.715","0.3570019724",NA,14,2.715,0.3570019724,237.9,0.193928571428571,0.0255001408857143,"ng"
"355","CUVA",5,5,"g","7-June-25","21-June-25","14","High","t2",8.767,9.042,1.443,1.565,0.122,0.275,57.1,57.1,12.7,0.4,3,NA,NA,NA,NA,NA,0,NA,2.5,54.6,11.1,43.5,49.5,13.8,35.7,NA,NA,"0",NA,NA,0,NA,NA,0,NA,NA,0,NA,NA,0,NA,NA,0,NA,NA,0,NA,NA,0,12.1,NA,NA,37,"81.7","2.913385827","0.4671717172",NA,14,2.913385827,0.4671717172,68.52,0.208098987642857,0.0333694083714286,"g"
"357",NA,5,5,"ng","6-June-25","12-June-25","6","Donor","t1",8.625,NA,4.675,4.733,0.058,-8.625,96.1,93,18.3,0.4,5,NA,NA,NA,0.537,0.538,0.001,75,11.4,26.6,0,26.6,81.6,0,81.6,25.5,0,"25.5",26.6,0,26.6,16.1,0,16.1,NA,NA,0,NA,NA,0,NA,NA,0,NA,NA,0,NA,NA,0,NA,NA,NA,0,"187.8","0","0",NA,6,0,0,192.2,0,0,"ng"
"358",NA,3,5,"ng","7-June-25","13-June-25","6","High","t1",8.589,NA,4.695,4.745,0.05,-8.589,34.3,33.7,7.1,0.4,8,NA,NA,NA,0.487,0.489,0.002,60,5.3,23,0,23,17.9,1.4,16.5,27.8,1.1,"26.7",28.1,0,28.1,28,0.5,27.5,28.4,3.3,25.1,20.2,0,20.2,19.6,0,19.6,NA,NA,0,NA,NA,0,NA,NA,NA,6.3,"192","0.8873239437","0.03374397429",NA,6,0.8873239437,0.03374397429,109.76,0.14788732395,0.005623995715,"ng"
"361",NA,12,6,"ng","7-June-25","13-June-25","6","Low","t1",10.106,10.298,4.748,4.773,0.025,0.192,32.6,39.5,7.8,0.4,6,NA,NA,NA,0.516,0.517,0.001,150,7.2,25.2,0,25.2,32.3,0,32.3,18.7,2.2,"16.5",6.2,5.9,0.3,5.3,4.8,0.5,11,0,11,NA,NA,0,NA,NA,0,NA,NA,0,NA,NA,0,NA,NA,NA,12.9,"93","1.653846154","0.1503496503",NA,6,1.653846154,0.1503496503,78.24,0.275641025666667,0.02505827505,"ng"
"362","CIG3",7,5,"ng","7-June-25","21-June-25","14","Low","t2",8.896,9.107,0.685,0.721,0.036,0.211,30.2,30.4,7,0.2,4,NA,NA,NA,NA,NA,0,NA,2,17,0,17,28.4,2.2,26.2,18,7.2,"10.8",14,11.5,2.5,NA,NA,0,NA,NA,0,NA,NA,0,NA,NA,0,NA,NA,0,NA,NA,0,NA,NA,NA,20.9,"58.5","2.985714286","0.3699115044",NA,14,2.985714286,0.3699115044,24.16,0.213265306142857,0.0264222503142857,"ng"
"363","ANCH",3,6,"ng","7-June-25","13-June-25","6","Low","t1",NA,NA,1.183,1.214,0.031,0,101.6,101.6,NA,NA,10,NA,NA,NA,NA,NA,0,NA,3.8,24.4,0,24.4,17.8,0.1,17.7,34.4,0.1,"34.3",16.5,2.2,14.3,30.6,12.9,17.7,26,8.3,17.7,97.8,10,87.8,26.1,1.8,24.3,19.4,7.4,12,NA,NA,0,6.7,NA,NA,49.5,"254","#DIV/0!","0.1978417266",NA,6,NA,0.1978417266,NA,0,0.0329736211,"ng"
"364",NA,10,3,"g","7-June-25","13-June-25","6","High","t1",8.635,8.802,4.724,4.736,0.012,0.167,35.2,34.3,12.2,0.2,4,NA,NA,NA,0.598,0.601,0.003,120,3.7,30.6,0,30.6,16.7,0,16.7,27,1.9,"25.1",17.9,0,17.9,NA,NA,0,NA,NA,0,NA,NA,0,NA,NA,0,NA,NA,0,NA,NA,0,NA,NA,NA,1.9,"94","0.1557377049","0.02104097453",NA,6,0.1557377049,0.02104097453,28.16,0.02595628415,0.00350682908833333,"g"
"367","DRTO",3,5,"g","7-June-25","21-June-25","14","High","t2",8.972,9.428,1.53,1.734,0.204,0.456,91.6,84.4,20.2,0.5,5,NA,NA,NA,NA,NA,0,NA,4.6,51.4,NA,51.4,59.5,1.7,57.8,79.8,16.1,"63.7",64.4,21.2,43.2,13.7,13,0.7,NA,NA,0,NA,NA,0,NA,NA,0,NA,NA,0,NA,NA,0,NA,NA,NA,52,"221.4","2.574257426","0.2398523985",NA,14,2.574257426,0.2398523985,229,0.183875530428571,0.0171323141785714,"g"
"369","EVER",5,5,"g","7-June-25","21-June-25","14","High","t2",8.801,8.943,1.409,1.527,0.118,0.142,44,0,NA,0.5,1,NA,NA,NA,NA,NA,0,NA,NA,NA,NA,0,NA,NA,0,NA,NA,"0",NA,NA,0,NA,NA,0,NA,NA,0,NA,NA,0,NA,NA,0,NA,NA,0,NA,NA,0,NA,NA,"wrangled, measured from imageJ",0,"0","#DIV/0!","#DIV/0!",NA,14,NA,NA,22,0,0,"g"
"370",NA,15,5,"ng","7-June-25","13-June-25","6","Low","t1",10.09,10.322,4.658,4.75,0.092,0.232,40.5,40.5,11.2,0.4,7,NA,NA,NA,0.494,0.94,0.446,100,2.3,16.4,0,16.4,32.1,0,32.1,30,0,"30",30.4,0.5,29.9,12.3,3.8,8.5,38.2,10.9,27.3,28.5,6.7,21.8,NA,NA,0,NA,NA,0,NA,NA,0,NA,NA,NA,21.9,"168.3","1.955357143","0.1319277108",NA,6,1.955357143,0.1319277108,113.4,0.325892857166667,0.0219879518,"ng"
"371","shen",5,5,"ng","6-June-25","20-June-25","14","Donor","t2",8.735,9.14,1.519,1.626,0.107,0.405,68.6,68.6,15.4,0.4,5,NA,NA,NA,NA,NA,0,NA,4.2,64.4,0.4,64,41.4,0.2,41.2,60,5.6,"54.4",32.4,6.8,25.6,30,4,26,NA,NA,0,NA,NA,0,NA,NA,0,NA,NA,0,NA,NA,0,NA,NA,NA,17,"215.4","1.103896104","0.08049242424",NA,14,1.103896104,0.08049242424,137.2,0.0788497217142857,0.00574945887428571,"ng"
"373",NA,1,7,"g","6-June-25","12-June-25","6","Donor","t1",8.624,8.88,4.703,4.817,0.114,0.256,59.7,62.1,15.3,0.4,5,NA,NA,NA,0.508,0.508,0,90,4.9,57.2,1.8,55.4,27.2,1.2,26,22.4,0.7,"21.7",13.3,0,13.3,17.4,0,17.4,NA,NA,0,NA,NA,0,NA,NA,0,NA,NA,0,NA,NA,0,NA,NA,NA,3.7,"138.7","0.2418300654","0.02765321375",NA,6,0.2418300654,0.02765321375,119.4,0.0403050109,0.00460886895833333,"g"
"375","ABLI",5,7,"ng","7-June-25","21-June-25","14","High","t2",8.694,9.18,1.556,1.712,0.156,0.486,9.5,59.4,55.2,0.4,7,NA,NA,NA,NA,NA,0,NA,3,8.2,0.4,7.8,7,3.2,3.8,37.2,0,"37.2",56,2.5,53.5,55.2,7.8,47.4,56.4,9,47.4,32.6,0,32.6,NA,NA,0,NA,NA,0,NA,NA,0,NA,NA,NA,22.9,"232.7","0.4148550725","0.09969525468",NA,14,0.4148550725,0.09969525468,26.6,0.0296325051785714,0.00712108962,"ng"
"376","MEVE",2,5,"ng","7-June-25","21-June-25","14","Low","t2",9.032,9.238,8.704,8.727,0.023,0.206,68,64.2,15.2,0.4,6,NA,NA,NA,NA,NA,0,NA,1.4,38,0,38,51,0,51,23.4,11,"12.4",61,14.4,46.6,62.8,0.4,62.4,11,2.8,8.2,NA,NA,0,NA,NA,0,NA,NA,0,NA,NA,0,NA,NA,NA,28.6,"220","1.881578947","0.1308325709",NA,14,1.881578947,0.1308325709,163.2,0.134398496214286,0.00934518363571428,"ng"
"378","LADI",9,6,"ng","7-June-25","21-June-25","14","Low","t2",8.964,9.581,0.676,0.766,0.09,0.617,103.3,103.3,23,0.6,6,NA,NA,NA,NA,NA,0,NA,3.2,96,2.4,93.6,100.1,0,100.1,21.2,3,"18.2",38.2,4.5,33.7,98,2,96,30,11.5,18.5,NA,NA,0,NA,NA,0,NA,NA,0,NA,NA,0,NA,NA,NA,23.4,"363.3","1.017391304","0.06498194946",NA,14,1.017391304,0.06498194946,371.88,0.0726708074285714,0.00464156781857143,"ng"
"380","PIMA",4,6,"g","7-June-25","21-June-25","14","Low","t2",8.75,9.163,1.628,1.679,0.051,0.413,70,69,28,0.5,6,NA,NA,NA,NA,NA,0,NA,7,41.2,5,36.2,8.2,0.2,8,52.6,0.4,"52.2",51.2,13.2,38,62,4.5,57.5,61.8,16.4,45.4,NA,NA,0,NA,NA,0,NA,NA,0,NA,NA,0,NA,NA,NA,39.7,"244.3","1.417857143","0.1672987779",NA,14,1.417857143,0.1672987779,210,0.101275510214286,0.0119499127071429,"g"
"382","CIGI",7,8,"ng","7-June-25","21-June-25","14","Low","t2",9.023,9.446,0.849,0.978,0.129,0.423,94,93.4,17,0.4,4,NA,NA,NA,NA,NA,NA,NA,7.2,47.2,4.8,42.4,50.2,0,50.2,86.2,10.4,"75.8",64,16.4,47.6,NA,NA,0,NA,NA,0,NA,NA,0,NA,NA,0,NA,NA,0,NA,NA,0,NA,NA,NA,31.6,"223.2","1.858823529","0.1462962963",NA,14,1.858823529,0.1462962963,150.4,0.132773109214286,0.01044973545,"ng"
"384",NA,1,7,"g","7-June-25","13-June-25","6","Low","t1",10.192,10.321,4.675,4.789,0.114,0.129,72.4,72.4,20,0.5,8,NA,NA,NA,NA,NA,NA,NA,5,10.7,0,10.7,53.1,0,53.1,24.6,0.4,"24.2",6.1,0.2,5.9,50.6,7.3,43.3,59.3,0,59.3,67.4,0,67.4,NA,NA,0,NA,NA,0,NA,NA,0,4,NA,NA,11.9,"268.9","0.595","0.0450928382",NA,6,0.595,0.0450928382,289.6,0.0991666666666667,0.00751547303333333,"g"
"387",NA,2,4,"g","6-June-25","12-June-25","6","Donor","t1",8.773,8.811,4.695,4.776,0.081,0.038,26.8,25.2,12.4,0.4,4,NA,NA,NA,NA,NA,0,NA,4.2,13,0,13,13,0,13,21,0,"21",13,0,13,NA,NA,0,NA,NA,0,NA,NA,0,NA,NA,0,NA,NA,0,NA,NA,0,NA,NA,NA,0,"64.2","0","0",NA,6,0,0,42.88,0,0,"g"
"389",NA,3,4,"ng","7-June-25","13-June-25","6","Low","t1",10.252,10.285,4.635,4.765,0.13,0.033,11.2,11.2,6.9,0.4,4,NA,NA,NA,0.475,0.76,0.285,100,3.7,7.5,0,7.5,6.5,0,6.5,6.3,2.8,"3.5",6.1,0,6.1,NA,NA,0,NA,NA,0,NA,NA,0,NA,NA,0,NA,NA,0,NA,NA,0,NA,NA,NA,2.8,"27.3","0.4057971014","0.1186440678",NA,6,0.4057971014,0.1186440678,17.92,0.0676328502333333,0.0197740113,"ng"
"390",NA,7,4,"ng","6-June-25","12-June-25","6","Donor","t1",10.099,10.451,4.712,4.877,0.165,0.352,118.8,117.2,11.1,0.5,4,NA,NA,NA,0.429,0.53,0.101,100,7,25.6,0,25.6,21.3,0,21.3,57,3.7,"53.3",110.2,0,110.2,NA,NA,0,NA,NA,0,NA,NA,0,NA,NA,0,NA,NA,0,NA,NA,0,NA,NA,NA,3.7,"217.4","0.3333333333","0.01758555133",NA,6,0.3333333333,0.01758555133,237.6,0.05555555555,0.00293092522166667,"ng"
"391",NA,4,5,"g","7-June-25","13-June-25","6","Low","t1",10.25,NA,4.626,4.818,0.192,-10.25,65.3,65.3,27.9,0.5,7,NA,NA,NA,0.537,0.73,0.193,150,5.5,32.2,0,32.2,46.3,0,46.3,17.5,1.9,"15.6",53.5,4.8,48.7,47.5,0,47.5,59.8,10,49.8,34,7.7,26.3,NA,NA,0,NA,NA,0,NA,NA,0,NA,NA,NA,24.4,"271.9","0.8745519713","0.09159159159",NA,6,0.8745519713,0.09159159159,228.55,0.145758661883333,0.015265265265,"g"
"393","HP23",5,7,"g","7-June-25","21-June-25","14","High","t2",8.674,8.947,1.396,1.557,0.161,0.273,74.9,74.9,26,0.5,5,NA,NA,NA,NA,NA,0,NA,8.9,66,4.1,61.9,50.6,11.3,39.3,57.7,7.3,"50.4",48.3,0.6,47.7,20.6,0.3,20.3,NA,NA,0,NA,NA,0,NA,NA,0,NA,NA,0,NA,NA,0,NA,NA,NA,23.6,"228.5","0.9076923077","0.1074681239",NA,14,0.9076923077,0.1074681239,187.25,0.0648351648357143,0.00767629456428571,"g"
"395","GOT1",7,2,"ng","7-June-25","21-June-25","14","Low","t2",8.652,8.956,1.494,1.615,0.121,0.304,77.4,77.4,15.4,0.3,8,NA,NA,NA,NA,NA,0,NA,6,17.1,14.6,2.5,67,37.5,29.5,13,NA,"13",16.5,2,14.5,71.4,36.2,35.2,8.7,NA,8.7,NA,NA,0,NA,NA,0,NA,NA,0,NA,NA,0,15.5,15.6,NA,121.4,"109.4","7.883116883","1.174081238",NA,14,7.883116883,1.174081238,185.76,0.563079777357143,0.0838629455714286,"ng"
"406","GOT2",7,6,"ng","7-June-25","21-June-25","14","Low","t2",8.784,8.933,1.239,1.327,1.477,0.149,67.4,67.4,15,0.4,6,NA,NA,NA,NA,NA,0,NA,5,60,6.2,53.8,35,25.8,9.2,8.4,7.4,"1",62.4,3.6,58.8,47.6,13.2,34.4,NA,NA,0,NA,NA,0,NA,NA,0,NA,NA,0,NA,NA,0,4.2,NA,NA,60.4,"162.2","4.026666667","0.3842239186",NA,14,4.026666667,0.3842239186,161.76,0.287619047642857,0.0274445656142857,"ng"
"NID1",NA,8,NA,"ng","6-June-25","12-June-25",NA,"Donor","t1",8.701,8.898,4.585,4.649,0.064,0.197,59.3,0,5,0.4,0,NA,NA,NA,0.537,0.538,0.001,160,NA,NA,NA,0,NA,NA,0,NA,NA,"0",NA,NA,0,NA,NA,0,NA,NA,0,NA,NA,0,NA,NA,0,NA,NA,0,NA,NA,0,NA,NA,NA,0,"0","0","#DIV/0!",NA,NA,0,NA,0,0,0,"ng"
"NID4",NA,8,NA,"ng","6-June-25","12-June-25","6","Donor","t1",10.18,10.246,4.849,4.864,0.015,0.066,35.6,0,16.2,0.5,0,NA,NA,NA,0.631,0.631,0,200,NA,NA,NA,0,NA,NA,0,NA,NA,"0",NA,NA,0,NA,NA,0,NA,NA,0,NA,NA,0,NA,NA,0,NA,NA,0,NA,NA,0,NA,NA,NA,0,"0","0","#DIV/0!",NA,6,0,NA,0,0,0,"ng"
"NID5",NA,3,NA,"g","6-June-25","12-June-25","6","Donor","t1",8.67,8.948,4.613,4.711,0.098,0.278,60.5,0,18.6,0.4,0,NA,NA,NA,0.718,0.718,0,200,NA,NA,NA,0,NA,NA,0,NA,NA,"0",NA,NA,0,NA,NA,0,NA,NA,0,NA,NA,0,NA,NA,0,NA,NA,0,NA,NA,0,NA,NA,NA,0,"0","0","#DIV/0!",NA,6,0,NA,0,0,0,"g"
