id,bagid,quadrat,t0_num_blades,g_ng,date_marked,date_collected,duration_days,site,collection_point,shoot_bag_weight,shoot_plus_bag_weight,rhizome_bag_weight,rhizome_plus_bag_weight,rhizome_weight,shoot_weight,length_measured,length_calculated,sheath_length,shoot_width,blade_number_tx,rhizome_length,numnodes,lateral_shoots,gfc_weight,gfc_weight_plus_sample,epi_weight,total_liquid_ml,ref_legth,b1_full,b1_new,b1_old,b2_full,b2_new,b2_old,b3_full,b3_new,b3_old,b4_full,b4_new,b4_old,b5_full,b5_new,b5_old,b6_full,b6_new,b6_old,b7_full,b7_new,b7_old,b8_full,b8_new,b9_old,b9_full,b9_new,b9_old,b10_full,b10_new,b10_old,baby_1,baby_2,notes,extention,original_length_Remaining,standardized_extension_to_sheath,standardized_to_old,condition_index,cut_index
15,117,13,6,ng,06-Jun-25,13-Aug-25,68,low,t3,10.336,NA,4.89,NA,-4.89,-10.336,89.3,0,18,0.4,6,11,12,2,NA,NA,NA,NA,NA,NA,NA,0,NA,NA,0,NA,NA,0,NA,NA,0,NA,NA,0,NA,NA,0,NA,NA,0,NA,NA,0,NA,NA,0,NA,NA,0,NA,NA,NA,0,0,0,#DIV/0!,5,0
17,KLGO,3,8,g,07-Jun-25,21-Jun-25,14,low,t2,8.607,8.59,1.432,1.528,0.096,-0.017,33.6,33.6,7.8,0.4,4,NA,NA,0,NA,NA,NA,NA,4,29.6,0.4,29.2,21.2,4,17.2,14.4,2,12.4,23,3.2,19.8,NA,NA,0,NA,NA,0,NA,NA,0,NA,NA,0,NA,NA,0,NA,NA,0,NA,NA,NA,9.6,82.6,1.230769231,0.122137405,4,1
19,NA,4,5,ng,07-Jun-25,13-Jun-25,6,high,t1,8.68,8.977,4.711,4.745,0.034,0.297,71.1,70.2,19.2,0.3,6,NA,NA,0,0.587,0.589,0.002,50,9.6,60.2,0,60.2,25.4,0,25.4,60.6,0,60.6,42,0,42,43,0,43,32.8,1.1,31.7,NA,NA,0,NA,NA,0,NA,NA,0,NA,NA,0,NA,NA,NA,1.1,272.5,0.057291667,0.0041841,4,1
23,NA,NA,4,ng,07-Jun-25,21-Jun-25,14,high,t2,0,0,1.499,1.52,0.021,0,0,0,0,0,0,NA,NA,0,NA,NA,NA,NA,NA,NA,NA,NA,NA,NA,0,NA,NA,0,NA,NA,0,NA,NA,0,NA,NA,0,NA,NA,0,NA,NA,0,NA,NA,0,NA,NA,0,NA,NA,no shoot,0,0,#DIV/0!,#DIV/0!,0,2
25,BEKI,11,8,g,07-Jun-25,21-Jun-25,14,low,t2,8.742,8.974,1.561,1.643,0.082,0.232,58,58,15.4,0.4,6,NA,NA,0,NA,NA,NA,NA,2,44,NA,44,46.2,0.2,46,56,10.2,45.8,13.2,2,11.2,44.8,16.8,28,NA,NA,0,NA,NA,0,NA,NA,0,NA,NA,0,NA,NA,0,4.2,NA,NA,33.4,177,2.168831169,0.190857143,4,1
28,ADAM,5,4,g,07-Jun-25,21-Jun-25,14,high,t2,8.704,8.729,1.422,1.474,0.052,0.025,19.5,0,NA,0.3,0,NA,NA,0,NA,NA,NA,NA,NA,NA,NA,0,NA,NA,0,NA,NA,0,NA,NA,0,NA,NA,0,NA,NA,0,NA,NA,0,NA,NA,0,NA,NA,0,NA,NA,0,NA,NA,"length measured on  imageJ, count identify sheath",0,0,#DIV/0!,#DIV/0!,1,1
29,RAT2,8,7,g,07-Jun-25,21-Jun-25,14,low,t2,8.819,8.871,8.819,9.056,0.237,0.052,68.2,68.2,13.2,0.4,6,NA,NA,NA,NA,NA,NA,NA,4.4,46.4,0,46.4,53.4,3,50.4,60.8,41,19.8,63.8,18,45.8,32,15.6,16.4,NA,NA,0,NA,NA,0,NA,NA,0,NA,NA,0,NA,NA,0,10,NA,NA,87.6,183.2,6.636363636,0.489932886,4,1
30,RAT1,8,5,g,07-Jun-25,21-Jun-25,14,low,t2,8.905,8.987,1.476,1.576,0.1,0.082,58,57.4,8,0.2,4,NA,NA,NA,NA,NA,NA,NA,5,40.2,0,40.2,21.2,18.8,2.4,36.2,2.2,34,52.4,18.8,33.6,NA,NA,0,NA,NA,0,NA,NA,0,NA,NA,0,NA,NA,0,NA,NA,0,NA,NA,NA,39.8,115.2,4.975,0.361161525,4,1
34,NA,6,5,g,07-Jun-25,13-Jun-25,6,high,t1,8.616,9.034,4.702,4.822,0.12,0.418,99.8,90.7,7.1,0.4,9,NA,NA,0,0.526,0.619,0.093,50,3,8.5,1.9,6.6,8.6,0,8.6,31.5,0.1,31.4,33.2,0,33.2,39.4,0,39.4,37.9,0,37.9,87.7,0,87.7,23.5,1.2,22.3,33.9,1.7,32.2,NA,NA,0,NA,NA,NA,4.9,302.3,0.690140845,0.016371534,4,1
38,MABI,3,4,g,07-Jun-25,21-Jun-25,14,low,t2,0,0,4.62,4.683,0.063,0,0,0,0,0,0,NA,NA,0,NA,NA,NA,NA,NA,NA,NA,0,NA,NA,0,NA,NA,0,NA,NA,0,NA,NA,0,NA,NA,0,NA,NA,0,NA,NA,0,NA,NA,0,NA,NA,0,NA,NA,no shoot,0,0,#DIV/0!,#DIV/0!,0,2
39,BEF2,1,4,g,07-Jun-25,21-Jun-25,14,high,t2,8.675,8.858,1.518,1.734,0.216,0.183,36,0,13.4,0.4,1,8.2,NA,0,NA,NA,NA,NA,NA,NA,NA,0,NA,NA,0,NA,NA,0,NA,NA,0,NA,NA,0,NA,NA,0,NA,NA,0,NA,NA,0,NA,NA,0,NA,NA,0,NA,NA,"dead/ mangled, lengths calculated by imageJ",0,0,0,#DIV/0!,3,1
45,COAL,1,5,ng,07-Jun-25,21-Jun-25,14,low,t2,8.653,8.683,NA,NA,0,0.03,13,0,NA,0.2,2,NA,NA,0,NA,NA,NA,NA,NA,NA,NA,0,NA,NA,0,NA,NA,0,NA,NA,0,NA,NA,0,NA,NA,0,NA,NA,0,NA,NA,0,NA,NA,0,NA,NA,0,NA,NA,"shoot is bairly there, couple little blades",0,0,#DIV/0!,#DIV/0!,2,1
49,NA,2,5,ng,07-Jun-25,13-Jun-25,6,high,t1,8.571,8.929,4.708,4.743,0.035,0.358,69,0,15.4,0.2,8,NA,NA,NA,0.502,0.503,0.001,75,NA,NA,NA,0,NA,NA,0,NA,NA,0,NA,NA,0,NA,NA,0,NA,NA,0,NA,NA,0,NA,NA,0,NA,NA,0,NA,NA,0,NA,NA,to ranglewd too measure,0,0,0,#DIV/0!,4,1
51,NA,7,6,ng,06-Jun-25,12-Jun-25,6,donor,t1,8.62,8.867,4.732,4.78,0.048,0.247,58.5,57,4.5,0.5,8,NA,NA,NA,0.516,0.517,0.001,140,7,10.3,1,9.3,7.2,0.6,6.6,23.8,0,23.8,23.5,0,23.5,24.5,0,24.5,9.9,0,9.9,50,0,50,24.6,1,23.6,NA,NA,0,NA,NA,0,NA,NA,NA,2.6,178.2,0.577777778,0.015186916,4,1
52,NA,1,9,g,06-Jun-25,20-Jun-25,14,donor,t1,NA,NA,0.7399,0.832,0.0921,0,NA,0,NA,NA,0,NA,NA,NA,NA,NA,0,NA,NA,NA,NA,0,NA,NA,0,NA,NA,0,NA,NA,0,NA,NA,0,NA,NA,0,NA,NA,0,NA,NA,0,NA,NA,0,NA,NA,0,NA,NA,shredded,0,0,#DIV/0!,#DIV/0!,0,1
55,NA,5,4,ng,06-Jun-25,12-Jun-25,6,donor,t1,8.683,8.887,4.668,4.707,0.039,0.204,49.6,30.9,17.4,0.4,4,NA,NA,NA,0.574,0.577,0.003,150,2.7,12.2,0,12.2,23.5,0,23.5,28.2,0,28.2,26.7,0,26.7,NA,NA,0,NA,NA,0,NA,NA,0,NA,NA,0,NA,NA,0,NA,NA,0,NA,NA,NA,0,93.3,0,0,4,1
58,102,15,5,ng,06-Jun-25,13-Aug-25,68,high,t3,10.36,10.199,4.985,NA,-4.985,-0.161,44,0,NA,0.4,3,1.4,3,0,NA,NA,NA,NA,NA,NA,NA,0,NA,NA,0,NA,NA,0,NA,NA,0,NA,NA,0,NA,NA,0,NA,NA,0,NA,NA,0,NA,NA,0,NA,NA,0,NA,NA,measured using imaj J,0,0,#DIV/0!,#DIV/0!,3,1
59,RAT1,8,5,g,07-Jun-25,21-Jun-25,14,low,t2,8.789,9.172,1.466,1.582,0.116,0.383,65,63.8,14.8,0.4,6,NA,NA,0,NA,NA,NA,NA,5.8,40.2,0,40.2,38,0.2,37.8,51.4,0.2,51.2,24.2,3,21.2,38.8,2,36.8,58,22,36,NA,NA,0,NA,NA,0,NA,NA,0,NA,NA,0,NA,NA,NA,27.4,229,1.851351351,0.122759857,4,1
62,87,16,5,ng,06-Jun-25,13-Aug-25,68,high,t3,0,NA,4.946,NA,-4.946,0,0,0,0,0,0,3,3,0,NA,NA,NA,NA,NA,NA,NA,0,NA,NA,0,NA,NA,0,NA,NA,0,NA,NA,0,NA,NA,0,NA,NA,0,NA,NA,0,NA,NA,0,NA,NA,0,NA,NA,no shoot,0,0,#DIV/0!,#DIV/0!,0,2
64,NA,5,6,g,07-Jun-25,13-Jun-25,6,high,t1,8.725,8.886,4.699,4.76,0.061,0.161,50.6,50.3,11.2,0.4,6,NA,NA,NA,0.528,0.53,0.002,60,3.1,46,0,46,47.2,13.4,33.8,2,0,2,36,7,29,36.2,8.8,27.4,NA,0,0,NA,NA,0,NA,NA,0,NA,NA,0,NA,NA,0,2.8,NA,NA,32,141.3,2.857142857,0.231548481,4,1
66,NA,1,4,ng,07-Jun-25,13-Jun-25,6,high,t1,8.579,8.973,4.7,4.734,0.034,0.394,98.2,97.2,18.4,0.4,5,NA,NA,NA,0.53,0.535,0.005,120,3.6,47.3,0,47.3,40,0,40,68.4,2.9,65.5,50.1,1,49.1,93.6,0,93.6,NA,NA,0,NA,NA,0,NA,NA,0,NA,NA,0,NA,NA,0,NA,NA,NA,3.9,299.1,0.211956522,0.01319797,4,1
67,ALAG,3,4,g,07-Jun-25,21-Jun-25,14,high,t2,8.716,9.11,2.042,2.146,0.104,0.394,64.1,64.2,21.2,0.4,5,NA,NA,NA,NA,NA,NA,NA,2.8,36.8,2.3,34.5,57.3,0.9,56.4,51.2,10.1,41.1,61.4,8.2,53.2,10.1,7.6,2.5,NA,NA,0,NA,NA,0,NA,NA,0,NA,NA,0,NA,NA,0,NA,NA,NA,29.1,190.5,1.372641509,0.15503463,4,1
68,CRLA,4,6,ng,07-Jun-25,21-Jun-25,14,high,t2,8.605,8.929,1.753,1.807,0.054,0.324,118.1,118.1,24.1,0.4,4,NA,NA,NA,NA,NA,NA,NA,2.9,115.2,3.1,112.1,38.1,0.6,37.5,82.9,7.3,75.6,35.7,NA,35.7,NA,NA,0,NA,NA,0,NA,NA,0,NA,NA,0,NA,NA,0,NA,NA,0,NA,NA,NA,11,263.8,0.456431535,0.042161748,4,1
69,NA,NA,6,ng,07-Jun-25,21-Jun-25,14,high,t2,8.848,8.944,1.753,1.834,0.081,0.096,0,0,0,0,0,NA,NA,NA,NA,NA,NA,NA,NA,NA,NA,0,NA,NA,0,NA,NA,0,NA,NA,0,NA,NA,0,NA,NA,0,NA,NA,0,NA,NA,0,NA,NA,0,NA,NA,0,NA,NA,just root,0,0,#DIV/0!,#DIV/0!,1,2
70,shen,5,7,ng,06-Jun-25,20-Jun-25,14,donor,t2,8.572,8.871,1.329,1.518,0.189,0.299,49.6,49.6,16.4,0.4,6,NA,NA,NA,NA,NA,NA,NA,2.4,6.8,4,2.8,14,3.2,10.8,17.4,3.8,13.6,47.2,5.8,41.4,37.4,6.8,30.6,34.8,9.2,25.6,NA,NA,0,NA,NA,0,NA,NA,0,NA,NA,0,NA,NA,NA,32.8,127.2,2,0.262820513,4,1
72,97,15,3,ng,06-Jun-25,13-Aug-25,68,high,t3,10.229,NA,4.9,NA,-4.9,-10.229,55,0,NA,0.5,2,4.1,4,0,NA,NA,NA,NA,NA,NA,NA,0,NA,NA,0,NA,NA,0,NA,NA,0,NA,NA,0,NA,NA,0,NA,NA,0,NA,NA,0,NA,NA,0,NA,NA,0,NA,NA,shoots pretty wrangled,0,0,#DIV/0!,#DIV/0!,3,1
76,RBS3,1,4,g,07-Jun-25,21-Jun-25,14,high,t2,NA,NA,0.757,0.817,0.06,0,0,0,0,0,0,NA,NA,NA,NA,NA,NA,NA,NA,NA,NA,0,NA,NA,0,NA,NA,0,NA,NA,0,NA,NA,0,NA,NA,0,NA,NA,0,NA,NA,0,NA,NA,0,NA,NA,0,NA,NA,just root,0,0,#DIV/0!,#DIV/0!,0,2
77,7979,5,5,g,07-Jun-25,21-Jun-25,14,high,t2,8.687,9.082,1.562,1.67,0.108,0.395,107,0,20,0.4,0,NA,NA,NA,NA,NA,NA,NA,NA,NA,NA,0,NA,NA,0,NA,NA,0,NA,NA,0,NA,NA,0,NA,NA,0,NA,NA,0,NA,NA,0,NA,NA,0,NA,NA,0,NA,NA,"measured roughly by imageJ, sheath was challanging",0,0,0,#DIV/0!,4,1
78,ALPO,1,5,ng,07-Jun-25,21-Jun-25,14,high,t2,NA,NA,1.413,1.463,0.05,0,0,0,0,0,0,NA,NA,NA,NA,NA,NA,NA,NA,NA,NA,0,NA,NA,0,NA,NA,0,NA,NA,0,NA,NA,0,NA,NA,0,NA,NA,0,NA,NA,0,NA,NA,0,NA,NA,0,NA,NA,just root,0,0,#DIV/0!,#DIV/0!,0,2
79,NA,6,6,g,07-Jun-25,13-Jun-25,6,high,t1,8.634,8.771,4.713,4.782,0.069,0.137,40.2,39.5,7.2,0.4,3,NA,NA,NA,0.613,0.615,0.002,50,1.7,13.5,0,13.5,8.7,0,8.7,37.8,0,37.8,NA,NA,0,NA,NA,0,NA,NA,0,NA,NA,0,NA,NA,0,NA,NA,0,NA,NA,0,NA,NA,NA,0,61.7,0,0,2,1
80,7,13,8,ng,06-Jun-25,13-Aug-25,68,low,t3,10.258,NA,4.888,NA,-4.888,-10.258,23.4,24.2,8.8,0.4,3,12.4,7,0,0.562,0.572,0.01,NA,NA,23.4,20.2,3.2,24.2,15.4,8.8,NA,NA,0,NA,NA,0,NA,NA,0,NA,NA,0,NA,NA,0,NA,NA,0,NA,NA,0,NA,NA,0,NA,NA,"cut, no refrence?, some growth",35.6,12,4.045454545,2.966666667,3,1
82,WEME,11,9,ng,07-Jun-25,21-Jun-25,14,low,t2,8.731,9.426,0.866,1.018,0.152,0.695,80.4,80.2,18,0.6,7,NA,NA,NA,NA,NA,NA,NA,3.4,57.8,0,57.8,76.8,0,76.8,69.8,11.9,57.9,65.8,0,65.8,72.4,13,59.4,43.3,NA,43.3,NA,NA,0,NA,NA,0,NA,NA,0,NA,NA,0,3.6,NA,NA,28.5,364.4,1.583333333,0.078947368,4,1
84,NA,10,5,ng,07-Jun-25,13-Jun-25,6,low,t1,10.081,10.18,4.645,4.825,0.18,0.099,55.7,55.7,16,0.5,8,NA,NA,NA,0.591,0.92,0.329,120,0.2,25.4,0,25.4,55.5,0,55.5,22.2,0,22.2,25,0,25,28.5,0.1,28.4,19,0.3,18.7,5.8,0,5.8,24.5,0.3,24.2,NA,NA,0,NA,NA,0,NA,NA,NA,0.7,205.4,0.04375,0.003411306,4,1
85,HOVE,5,8,ng,07-Jun-25,21-Jun-25,14,low,t2,8.619,8.885,1.727,1.914,0.187,0.266,85.2,85.2,15.8,0.4,7,NA,NA,NA,NA,NA,NA,NA,1.2,49.6,0.4,49.2,35.4,5,30.4,75,9,66,29.6,6,23.6,77.6,11,66.6,37.6,0,37.6,84,0,84,NA,NA,0,NA,NA,0,NA,NA,0,NA,NA,NA,31.4,358.6,1.987341772,0.087856743,4,1
86,NA,11,6,g,07-Jun-25,13-Jun-25,6,high,t1,NA,NA,NA,NA,0,0,91.6,91.6,15.6,0.4,8,NA,NA,NA,NA,NA,NA,NA,6.2,15.8,2.9,12.9,85.4,0,85.4,20.6,0,20.6,39.5,0,39.5,39.5,7.9,31.6,76.6,0,76.6,46.8,7.9,38.9,46.1,8,38.1,NA,NA,0,NA,NA,0,NA,NA,NA,26.7,349.8,1.711538462,0.077706636,4,1
87,ALKA,4,6,ng,07-Jun-25,21-Jun-25,14,high,t2,8.819,9.128,1.435,1.508,0.073,0.309,52.4,52.6,11.2,0.7,6,NA,NA,NA,NA,NA,NA,NA,1.3,9.7,0.4,9.3,34.2,NA,34.2,13.8,NA,13.8,51.3,NA,51.3,14.4,2.1,12.3,NA,NA,0,NA,NA,0,NA,NA,0,NA,NA,0,NA,NA,0,5.7,NA,NA,8.2,122.2,0.732142857,0.067824648,4,1
88,NA,4,7,g,06-Jun-25,12-Jun-25,6,donor,t1,10.148,10.414,4.75,4.834,0.084,0.266,84,0,NA,0.5,0,NA,NA,NA,0.476,0.481,0.005,250,NA,NA,NA,0,NA,NA,0,NA,NA,0,NA,NA,0,NA,NA,0,NA,NA,0,NA,NA,0,NA,NA,0,NA,NA,0,NA,NA,0,NA,NA,too rangled/ no shoot,0,0,#DIV/0!,#DIV/0!,0,1
89,104,14,NA,ng,06-Jun-25,13-Aug-25,68,high,t3,8.48,0,4.976,NA,NA,0,0,0,0,0,0,2,4,0,NA,NA,NA,NA,NA,NA,NA,0,NA,NA,0,NA,NA,0,NA,NA,0,NA,NA,0,NA,NA,0,NA,NA,0,NA,NA,0,NA,NA,0,NA,NA,0,NA,NA,no shoot,NA,NA,NA,NA,0,2
91,HOCU,2,5,ng,07-Jun-25,21-Jun-25,14,low,t2,8.67,9.74,1.398,1.506,0.108,1.07,41.8,41.8,10.6,0.4,7,NA,NA,NA,NA,NA,NA,NA,2.8,28.9,2.2,26.7,39,3.5,35.5,37.8,10.2,27.6,22,21.2,0.8,19,13,6,32.2,20,12.2,NA,NA,0,NA,NA,0,NA,NA,0,NA,NA,0,3.2,NA,NA,73.3,111.6,6.91509434,0.673713235,4,1
93,NA,16,5,g,07-Jun-25,13-Jun-25,6,low,t1,10.297,NA,4.685,4.807,0.122,-10.297,78.4,78.4,25.5,0.3,7,NA,NA,NA,0.441,0.442,0.001,170,4.6,50.1,0,50.1,73.8,0,73.8,22.9,0,22.9,48.3,4.8,43.5,66,2.3,63.7,52.9,4.1,48.8,18.2,3.7,14.5,NA,NA,0,NA,NA,0,NA,NA,0,NA,NA,NA,14.9,321.9,0.584313726,0.046958714,4,1
94,NRDM,2,5,ng,07-Jun-25,21-Jun-25,14,high,t2,8.739,9.157,1.624,1.68,0.056,0.418,42.5,0,NA,NA,0,NA,NA,NA,NA,NA,NA,NA,NA,NA,NA,0,NA,NA,0,NA,NA,0,NA,NA,0,NA,NA,0,NA,NA,0,NA,NA,0,NA,NA,0,NA,NA,0,NA,NA,0,NA,NA,fell apart/ wrangled,0,0,#DIV/0!,#DIV/0!,0,1
97,NA,12,5,ng,07-Jun-25,13-Jun-25,6,low,t1,10.239,10.297,4.666,4.726,0.06,0.058,59.4,59.4,9.2,0.3,6,NA,NA,NA,0.604,0.605,0.001,NA,4.6,5.8,0,5.8,42.6,0,42.6,54.8,0,54.8,28.2,0.6,27.6,27.2,0,27.2,NA,NA,0,NA,NA,0,NA,NA,0,NA,NA,0,NA,NA,0,10.4,NA,NA,11,162.6,1.195652174,0.069620253,3,1
99,NA,NA,NA,ng,07-Jun-25,21-Jun-25,14,high,t2,NA,NA,1.751,1.815,0.064,0,0,0,0,0,0,NA,NA,NA,NA,NA,NA,NA,NA,NA,NA,0,NA,NA,0,NA,NA,0,NA,NA,0,NA,NA,0,NA,NA,0,NA,NA,0,NA,NA,0,NA,NA,0,NA,NA,0,NA,NA,no shoot,0,0,#DIV/0!,#DIV/0!,0,2
101,NA,11,5,g,07-Jun-25,13-Jun-25,6,high,t1,8.633,NA,4.632,4.77,0.138,-8.633,80.4,80.7,30.2,0.6,8,NA,NA,NA,0.522,0.525,0.003,230,3.9,75,0,75,76.8,0,76.8,3.4,0,3.4,76.4,0,76.4,10.6,4.2,6.4,45.1,6,39.1,46,6.4,39.6,64.6,1.2,63.4,NA,NA,0,NA,NA,0,NA,NA,NA,17.8,384,0.589403974,0.046829782,4,1
102,NA,14,4,g,07-Jun-25,13-Jun-25,6,low,t1,10.062,10.336,4.655,4.743,0.088,0.274,55,55,9.7,0.4,3,NA,NA,NA,0.52,0.521,0.001,125,2.9,26.9,0,26.9,52.1,3.4,48.7,7.4,3.4,4,NA,NA,0,NA,NA,0,NA,NA,0,NA,NA,0,NA,NA,0,NA,NA,0,NA,NA,0,NA,NA,NA,6.8,82.5,0.701030928,0.085427136,3,1
103,NA,2,5,ng,06-Jun-25,20-Jun-25,14,donor,t2,8.593,8.749,0.768,0.846,0.078,0.156,48.7,48.7,20.5,0.4,3,NA,NA,NA,NA,NA,NA,NA,6.9,41.8,20,21.8,21.5,19.6,1.9,38.4,19.9,18.5,NA,NA,0,NA,NA,0,NA,NA,0,NA,NA,0,NA,NA,0,NA,NA,0,NA,NA,0,NA,NA,NA,59.5,49.1,2.902439024,1.409952607,4,1
104,3,3,6,ng,06-Jun-25,13-Aug-25,68,low,t3,10.33,NA,NA,NA,0,-10.33,59,0,NA,NA,1,NA,NA,NA,NA,NA,NA,NA,NA,NA,NA,0,NA,NA,0,NA,NA,0,NA,NA,0,NA,NA,0,NA,NA,0,NA,NA,0,NA,NA,0,NA,NA,0,NA,NA,0,NA,NA,"length measured from imageJ, no rhizome or sheath identified",0,0,#DIV/0!,#DIV/0!,3,1
105,NA,9,6,g,07-Jun-25,13-Jun-25,6,high,t1,8.604,9.058,4.685,4.809,0.124,0.454,70.3,69.4,25.4,0.4,7,NA,NA,NA,0.601,0.602,0.001,100,5.2,37.4,0,37.4,44.4,0,44.4,47.2,0,47.2,29,5,24,48.1,2.8,45.3,64.2,0.1,64.1,NA,NA,0,NA,NA,0,NA,NA,0,NA,NA,0,0.7,NA,NA,8.6,267.6,0.338582677,0.03277439,4,1
106,LMBI,1,4,g,07-Jun-25,21-Jun-25,14,high,t2,NA,NA,8.889,9.09,0.201,0,0,0,NA,NA,0,NA,NA,NA,NA,NA,NA,NA,NA,NA,NA,0,NA,NA,0,NA,NA,0,NA,NA,0,NA,NA,0,NA,NA,0,NA,NA,0,NA,NA,0,NA,NA,0,NA,NA,0,NA,NA,just root,0,0,#DIV/0!,#DIV/0!,0,2
107,MAPL,10,6,ng,07-Jun-25,21-Jun-25,14,low,t2,8.714,8.777,1.573,1.803,0.23,0.063,41.8,54.8,19.6,0.5,6,NA,NA,NA,NA,NA,NA,NA,3.6,17.2,3.4,13.8,51.2,3,48.2,41.6,10,31.6,45.8,9.8,36,42.4,5.2,37.2,NA,NA,0,NA,NA,0,NA,NA,0,NA,NA,0,NA,NA,0,5.4,NA,NA,36.8,170.4,1.87755102,0.220623501,4,1
109,111,16,6,ng,06-Jun-25,13-Aug-25,68,high,t3,10.221,NA,0,0,0,0.02,30,0,NA,0.2,1,0,0,0,NA,NA,NA,NA,NA,NA,NA,0,NA,NA,0,NA,NA,0,NA,NA,0,NA,NA,0,NA,NA,0,NA,NA,0,NA,NA,0,NA,NA,0,NA,NA,0,NA,NA,"no rhizome, only one blade",0,0,#DIV/0!,#DIV/0!,1,2
110,MEDN,3,5,g,07-Jun-25,21-Jun-25,14,low,t2,9.017,9.338,9.126,9.313,0.187,0.321,57.3,54.8,12.4,0.4,6,NA,NA,NA,NA,NA,NA,NA,1.6,31.5,0,31.5,34.2,0,34.2,41,0,41,53.2,19,34.2,38.8,4.1,34.7,NA,NA,0,NA,NA,0,NA,NA,0,NA,NA,0,NA,NA,0,19.4,NA,NA,42.5,177.2,3.427419355,0.242027335,4,1
115,81,14,7,g,06-Jun-25,13-Aug-25,68,low,t3,10.266,NA,4.861,NA,-4.861,-10.266,74,0,9.4,0.4,0,4.2,7,0,0.557,0.566,0.009,NA,NA,NA,NA,0,NA,NA,0,NA,NA,0,NA,NA,0,NA,NA,0,NA,NA,0,NA,NA,0,NA,NA,0,NA,NA,0,NA,NA,0,NA,NA,cut,0,0,0,#DIV/0!,4,1
116,NACE,1,5,ng,07-Jun-25,21-Jun-25,14,low,t2,8.953,8.971,8.953,NA,-8.953,0.018,13,0,NA,0.4,1,NA,NA,NA,NA,NA,NA,NA,NA,NA,NA,0,NA,NA,0,NA,NA,0,NA,NA,0,NA,NA,0,NA,NA,0,NA,NA,0,NA,NA,0,NA,NA,0,NA,NA,0,NA,NA,one wrangled blade,0,0,#DIV/0!,#DIV/0!,1,2
119,HRS3,7,4,ng,07-Jun-25,21-Jun-25,14,low,t2,8.864,8.967,1.597,1.644,0.047,0.103,30.8,30.6,9.4,0.3,5,NA,NA,NA,NA,NA,NA,NA,3.4,16,0,16,23.2,5.4,17.8,25.8,0.2,25.6,27.2,9,18.2,9.8,9,0.8,NA,NA,0,NA,NA,0,NA,NA,0,NA,NA,0,NA,NA,0,NA,NA,NA,23.6,81.8,2.510638298,0.301020408,4,1
121,NA,6,6,g,06-Jun-25,20-Jun-25,14,donor,t2,NA,NA,NA,NA,0,0,0,0,NA,NA,0,NA,NA,NA,NA,NA,NA,NA,NA,NA,NA,0,NA,NA,0,NA,NA,0,NA,NA,0,NA,NA,0,NA,NA,0,NA,NA,0,NA,NA,0,NA,NA,0,NA,NA,0,NA,NA,not measurable,0,0,#DIV/0!,#DIV/0!,0,2
122,SHEN,5,6,ng,06-Jun-25,20-Jun-25,14,donor,t2,8.576,8.977,1.501,1.685,0.184,0.401,65.7,65.7,14.8,0.4,5,NA,NA,NA,NA,NA,NA,NA,5.5,60.2,0,60.2,44.5,0,44.5,38.2,0.4,37.8,17,6.8,10.2,52.8,8.4,44.4,NA,NA,0,NA,NA,0,NA,NA,0,NA,NA,0,NA,NA,0,NA,NA,NA,15.6,202.6,1.054054054,0.079147641,4,1
123,HOAL,2,5,ng,07-Jun-25,21-Jun-25,14,low,t2,8.776,9.058,8.899,9.016,0.117,0.282,51,50.2,10.2,0.4,4,NA,NA,NA,NA,NA,NA,NA,3.2,47,1.2,45.8,38.4,3,35.4,19,2.6,16.4,NA,NA,0,NA,NA,0,NA,NA,0,NA,NA,0,NA,NA,0,NA,NA,0,NA,NA,0,6,NA,NA,12.8,100.8,1.254901961,0.131147541,3,1
126,NA,7,3,g,07-Jun-25,13-Jun-25,6,high,t1,8.54,8.737,4.642,4.7,0.058,0.197,30,29.7,11.4,0.3,2,NA,NA,NA,0.572,0.573,0.001,50,6.4,19.6,0,19.6,23.3,0,23.3,NA,NA,0,NA,NA,0,NA,NA,0,NA,NA,0,NA,NA,0,NA,NA,0,NA,NA,0,NA,NA,0,NA,NA,NA,0,49.3,0,0,1,1
129,NA,NA,5,g,07-Jun-25,21-Jun-25,14,high,t2,NA,NA,1.571,1.622,0.051,0,0,0,NA,NA,0,NA,NA,NA,NA,NA,NA,NA,NA,NA,NA,0,NA,NA,0,NA,NA,0,NA,NA,0,NA,NA,0,NA,NA,0,NA,NA,0,NA,NA,0,NA,NA,0,NA,NA,0,NA,NA,no shoot,0,0,#DIV/0!,#DIV/0!,0,2
130,LAD2,9,6,ng,07-Jun-25,21-Jun-25,14,low,t2,8.963,9.44,0.8,0.885,0.085,0.477,93,87,20,0.5,5,NA,NA,NA,NA,NA,NA,NA,2,50,0,50,85,0,85,54.2,9.2,45,52.4,7.2,45.2,13,6.4,6.6,NA,NA,0,NA,NA,0,NA,NA,0,NA,NA,0,NA,NA,0,NA,NA,NA,22.8,233.8,1.14,0.098360656,4,1
135,NA,7,6,g,06-Jun-25,20-Jun-25,14,donor,t2,8.665,9.109,0.762,0.833,0.071,0.444,68.9,68.9,22.5,0.4,6,NA,NA,NA,NA,NA,NA,NA,3.9,32.5,26.4,6.1,56.2,NA,56.2,60.5,50,10.5,6.6,NA,6.6,65,50.2,14.8,NA,NA,0,NA,NA,0,NA,NA,0,NA,NA,0,NA,NA,0,6.5,NA,NA,133.1,98.1,5.915555556,1.412951168,4,1
137,NA,1,6,ng,07-Jun-25,13-Jun-25,6,high,t1,8.631,NA,4.686,4.758,0.072,-8.631,55.3,54.2,17.7,0.4,7,NA,NA,NA,0.619,0.62,0.001,20,3.6,39,0.7,38.3,34.2,0,34.2,46.1,0.9,45.2,44.7,3.8,40.9,35.3,2,33.3,50.6,5.9,44.7,4.9,1.5,3.4,NA,NA,0,NA,NA,0,NA,NA,0,NA,NA,NA,14.8,243.6,0.836158192,0.061666667,4,1
141,66,16,NA,g,06-Jun-25,13-Aug-25,68,low,t3,10.238,NA,4.867,NA,-4.867,-10.238,54.5,0,13.4,0.5,6,3.8,6,0,0.383,0.383,0,NA,NA,NA,NA,NA,NA,NA,NA,NA,NA,NA,NA,NA,NA,NA,NA,NA,NA,NA,NA,NA,NA,NA,NA,NA,NA,NA,NA,NA,NA,NA,NA,NA,NA,NA,NA,NA,NA,NA,4,1
142,HAFE,5,5,ng,07-Jun-25,13-Jun-25,6,low,t2,8.696,8.989,4.727,4.83,0.103,0.293,60.7,60.7,14.8,0.5,4,NA,NA,NA,NA,NA,NA,NA,5,26.4,NA,26.4,33.8,7.1,26.7,55.7,5.7,50,50.6,NA,50.6,NA,NA,0,NA,NA,0,NA,NA,0,NA,NA,0,NA,NA,0,NA,NA,0,NA,NA,NA,12.8,158.7,0.864864865,0.083279115,4,1
144,LARO,3,5,g,07-Jun-25,21-Jun-25,14,low,t2,8.614,8.717,1.239,1.257,0.018,0.103,38.5,38.5,8.2,0.2,3,NA,NA,NA,NA,NA,NA,NA,5,33.5,NA,33.5,7.2,NA,7.2,NA,NA,0,NA,NA,0,NA,NA,0,NA,NA,0,NA,NA,0,NA,NA,0,NA,NA,0,NA,NA,0,7.5,NA,NA,7.5,45.7,0.914634146,0.184275184,2,1
146,NA,6,7,ng,06-Jun-25,20-Jun-25,14,donor,t2,8.612,8.797,1.781,1.814,0.033,0.185,42.9,0,12.4,0.4,7,NA,NA,NA,NA,NA,NA,NA,NA,NA,NA,0,NA,NA,0,NA,NA,0,NA,NA,0,NA,NA,0,NA,NA,0,NA,NA,0,NA,NA,0,NA,NA,0,NA,NA,0,NA,NA,base too rotten to measure growth,0,0,0,#DIV/0!,3,1
150,CONG,2,7,ng,07-Jun-25,21-Jun-25,14,high,t2,8.799,9.131,1.375,1.533,0.158,0.332,70.5,69.4,16.6,0.4,7,NA,NA,NA,NA,NA,NA,NA,2.2,46.2,0,46.2,27.6,0,27.6,67.2,14.2,53,36.2,4,32.2,42.2,30,12.2,34,25,9,NA,NA,0,NA,NA,0,NA,NA,0,NA,NA,0,12.2,NA,NA,85.4,182.4,5.144578313,0.473917869,4,1
153,LIG2,5,3,g,07-Jun-25,21-Jun-25,14,low,t2,8.975,9.241,1.622,1.671,0.049,0.266,53.5,0,10.9,0.4,2,NA,NA,NA,NA,NA,NA,NA,NA,NA,NA,0,NA,NA,0,NA,NA,0,NA,NA,0,NA,NA,0,NA,NA,0,NA,NA,0,NA,NA,0,NA,NA,0,NA,NA,0,NA,NA,mesured from imageJ,0,0,0,#DIV/0!,3,1
154,LRCH,10,3,ng,07-Jun-25,21-Jun-25,14,low,t2,8.735,8.952,1.486,1.571,0.085,0.217,56,52.6,12.2,0.3,6,NA,NA,NA,NA,NA,NA,NA,1.6,50,31.4,18.6,27.4,0.2,27.2,30,12.8,17.2,51,14.2,36.8,17,6,11,NA,NA,0,NA,NA,0,NA,NA,0,NA,NA,0,NA,NA,0,5,NA,NA,69.6,112.4,5.704918033,0.628158845,4,1
156,NA,1,6,g,06-Jun-25,20-Jun-25,14,donor,t2,8.917,9.838,1.65,1.81,0.16,0.921,126,126,23.3,0.6,7,NA,NA,NA,NA,NA,NA,NA,4,40.1,0,40.1,49.2,9.8,39.4,114.2,14.1,100.1,52.8,4.2,48.6,122,0,122,95.4,0,95.4,106.3,0,106.3,NA,NA,0,NA,NA,0,NA,NA,0,NA,NA,NA,28.1,555.9,1.206008584,0.050915021,4,1
157,DENA,6,6,g,06-Jun-25,20-Jun-25,14,donor,t2,8.764,9.126,1.485,1.629,0.144,0.362,75,75,12.2,0.5,5,NA,NA,NA,NA,NA,NA,NA,4.4,70.6,7.6,63,49,0,49,11,4.4,6.6,54,2,52,33.4,2.2,31.2,NA,NA,0,NA,NA,0,NA,NA,0,NA,NA,0,NA,NA,0,NA,NA,NA,16.2,206.2,1.327868852,0.080277502,4,1
158,NA,11,7,g,07-Jun-25,13-Jun-25,6,low,t1,10.197,NA,4.68,4801,4796,-10.197,60.5,60.5,19,0.5,8,NA,NA,NA,0.486,0.488,0.002,100,6.4,46.6,0,46.6,54.1,0,54.1,43.9,6.4,37.5,41.2,0,41.2,39.8,6.7,33.1,38,0,38,17,7.2,9.8,54.1,13.4,40.7,NA,NA,0,NA,NA,0,NA,NA,NA,33.7,307.4,1.773684211,0.111960133,4,1
161,HONO,2,5,ng,07-Jun-25,21-Jun-25,14,low,t2,8.685,8.909,1.662,1.873,0.211,0.224,49.1,49.1,7.2,0.4,4,NA,NA,NA,NA,NA,NA,NA,3.4,21.6,5,16.6,20.4,7.2,13.2,14.3,NA,14.3,45.7,NA,45.7,NA,NA,0,NA,NA,0,NA,NA,0,NA,NA,0,NA,NA,0,NA,NA,0,NA,NA,NA,12.2,93.2,1.694444444,0.135857461,4,1
163,10,3,5,ng,06-Jun-25,13-Aug-25,68,low,t3,10.345,NA,4.914,NA,-4.914,0.113,52.5,0,10,0.4,3,10,11,1,NA,NA,NA,NA,NA,NA,NA,0,NA,NA,0,NA,NA,0,NA,NA,0,NA,NA,0,NA,NA,0,NA,NA,0,NA,NA,0,NA,NA,0,NA,NA,0,NA,NA,had to measure from imageJ,0,0,0,#DIV/0!,4,1
165,NA,9,6,g,07-Jun-25,13-Jun-25,6,high,t1,8.68,8.939,4.697,4.725,0.028,0.259,58.8,57.8,17.7,0.4,6,NA,NA,NA,0.471,0.474,0.003,50,7.2,26.7,0,26.7,19,0,19,26.8,0,26.8,48.2,2.4,45.8,3.6,0,3.6,50.6,0,50.6,NA,NA,0,NA,NA,0,NA,NA,0,NA,NA,0,NA,NA,NA,2.4,179.7,0.13559322,0.013913043,4,1
166,NA,2,5,ng,07-Jun-25,13-Jun-25,6,high,t1,8.613,8.85,4.712,4.765,0.053,0.237,60.6,57,17.5,0.3,7,NA,NA,NA,0.646,0.648,0.002,NA,3.1,53.9,0,53.9,50.7,0,50.7,23.9,0.5,23.4,36.6,0.9,35.7,40.7,3.1,37.6,6.8,0.2,6.6,10,3.1,6.9,NA,NA,0,NA,NA,0,NA,NA,0,NA,NA,NA,7.8,217.9,0.445714286,0.036312849,4,1
167,NA,1,6,g,06-Jun-25,20-Jun-25,14,donor,t2,NA,NA,NA,NA,0,0,0,0,0,0,0,NA,NA,0,NA,NA,NA,NA,NA,NA,NA,0,NA,NA,0,NA,NA,0,NA,NA,0,NA,NA,0,NA,NA,0,NA,NA,0,NA,NA,0,NA,NA,0,NA,NA,0,NA,NA,not measurable,0,0,#DIV/0!,#DIV/0!,0,2
169,PIG2,6,5,g,07-Jun-25,21-Jun-25,14,low,t2,8.782,8.916,1.54,1.558,0.018,0.134,13.5,0,NA,0.2,2,NA,NA,0,NA,NA,NA,NA,NA,NA,NA,0,NA,NA,0,NA,NA,0,NA,NA,0,NA,NA,0,NA,NA,0,NA,NA,0,NA,NA,0,NA,NA,0,NA,NA,0,NA,NA,"measured from imageJ, sheath too wrangled",0,0,#DIV/0!,#DIV/0!,2,1
170,GOT3,5,6,ng,07-Jun-25,21-Jun-25,14,low,t2,8.725,9.084,1.515,1.659,0.144,0.359,68.2,68.2,11,0.5,6,NA,NA,NA,NA,NA,NA,NA,2.2,28.7,0.6,28.1,43.8,0.5,43.3,66,1.2,64.8,26,9.7,16.3,41,14.6,26.4,21.2,7.9,13.3,NA,NA,0,NA,NA,0,NA,NA,0,NA,NA,0,NA,NA,NA,34.5,194.4,3.136363636,0.17950052,4,1
171,65,10,6,ng,06-Jun-25,13-Aug-25,68,low,t3,10.162,NA,4.895,NA,-4.895,0.075,42.8,0,9.3,0.2,10,2.8,4,0,NA,NA,NA,NA,NA,NA,NA,0,NA,NA,0,NA,NA,0,NA,NA,0,NA,NA,0,NA,NA,0,NA,NA,0,NA,NA,0,NA,NA,0,NA,NA,0,NA,NA,cut leaves,0,0,0,#DIV/0!,4,1
174,HRS2,6,6,g,07-Jun-25,21-Jun-25,14,low,t2,8.943,9.287,0.798,0.854,0.056,0.344,73.9,74,14.4,0.5,4,NA,NA,NA,NA,NA,NA,NA,3.9,67.4,0,67.4,30,23.4,6.6,36.8,22.8,14,70.1,6.3,63.8,NA,NA,0,NA,NA,0,NA,NA,0,NA,NA,0,NA,NA,0,NA,NA,0,NA,NA,NA,52.5,155.7,3.645833333,0.345849802,4,1
175,NA,6,4,ng,06-Jun-25,12-Jun-25,6,donor,t1,8.571,8.997,4.773,4.823,0.05,0.426,148.8,147.4,17,0.4,5,NA,NA,NA,0.506,0.51,0.004,330,5.4,85.4,0,85.4,59.4,3,56.4,109.8,2.6,107.2,142,0.2,141.8,16.3,0,16.3,NA,NA,0,NA,NA,0,NA,NA,0,NA,NA,0,NA,NA,0,NA,NA,NA,5.8,412.5,0.341176471,0.014247114,4,1
176,GOT3,5,7,ng,06-Jun-25,20-Jun-25,14,low,t2,8.725,9.084,1.65,1.817,0.167,0.359,90,0,11,0.5,7,NA,NA,1,NA,NA,NA,NA,NA,NA,NA,0,NA,NA,0,NA,NA,0,NA,NA,0,NA,NA,0,NA,NA,0,NA,NA,0,NA,NA,0,NA,NA,0,NA,NA,0,NA,NA,measured from imageJ,0,0,0,#DIV/0!,4,1
178,NA,7,5,g,07-Jun-25,13-Jun-25,6,high,t1,8.577,NA,4.713,4.812,0.099,-8.577,58.1,62.4,19.4,0.4,7,NA,NA,NA,0.521,0.521,0,25,3.4,34.5,0,34.5,26.3,0,26.3,30.4,0,30.4,54.5,0,54.5,40,0.1,39.9,51.4,0.1,51.3,59,0.7,58.3,NA,NA,0,NA,NA,0,NA,NA,0,NA,NA,NA,0.9,298.6,0.046391753,0.00304878,4,1
179,5,15,6,ng,06-Jun-25,13-Aug-25,68,low,t3,10.211,NA,4.892,NA,-4.892,-10.211,32.4,33.2,5.4,0.4,5,8.2,10,0,0.489,0.49,0.001,NA,7.2,26,13.1,12.9,NA,NA,0,NA,NA,0,NA,NA,0,NA,NA,0,NA,NA,0,NA,NA,0,NA,NA,0,NA,NA,0,NA,NA,0,NA,NA,growth pinprick seen,13.1,20.1,2.425925926,1.015503876,4,1
181,NA,3,6,ng,07-Jun-25,13-Jun-25,6,high,t1,8.597,8.81,4.764,4.782,0.018,0.213,45.4,47,15.9,0.3,5,NA,NA,NA,0.527,0.529,0.002,90,2.8,36.5,0,36.5,37.2,0.5,36.7,25.9,1.6,24.3,44.2,7.6,36.6,38.7,6.1,32.6,NA,NA,0,NA,NA,0,NA,NA,0,NA,NA,0,NA,NA,0,NA,NA,NA,15.8,169.5,0.993710692,0.094781044,4,1
183,YOSE,2,5,ng,07-Jun-25,21-Jun-25,14,high,t2,8.726,8.935,1.362,1.467,0.105,0.209,46.4,46.2,9.4,0.4,4,NA,NA,NA,NA,NA,NA,NA,4,36,9.2,26.8,42.2,7.9,34.3,21.2,5.2,16,40.4,1.2,39.2,NA,NA,0,NA,NA,0,NA,NA,0,NA,NA,0,NA,NA,0,NA,NA,0,NA,NA,NA,23.5,120.3,2.5,0.202063629,4,1
185,LMB2,1,6,g,07-Jun-25,21-Jun-25,14,high,t2,8.623,9.63,1.496,1.527,0.031,1.007,26,0,9.5,0.3,2,NA,NA,NA,NA,NA,NA,NA,NA,NA,NA,0,NA,NA,0,NA,NA,0,NA,NA,0,NA,NA,0,NA,NA,0,NA,NA,0,NA,NA,0,NA,NA,0,NA,NA,0,NA,NA,measured from imageJ,0,0,0,#DIV/0!,1,2
187,NA,1,5,g,06-Jun-25,20-Jun-25,14,donor,t2,NA,NA,0.65,0.79,0.14,0,0,0,0,0,0,NA,NA,NA,NA,NA,NA,NA,NA,NA,NA,0,NA,NA,0,NA,NA,0,NA,NA,0,NA,NA,0,NA,NA,0,NA,NA,0,NA,NA,0,NA,NA,0,NA,NA,0,NA,NA,shoot dead,0,0,#DIV/0!,#DIV/0!,0,2
188,HMLK,10,5,ng,07-Jun-25,21-Jun-25,14,low,t2,9.034,9.26,0.709,0.758,0.049,0.226,48,48.2,12,0.3,5,NA,NA,NA,NA,NA,NA,NA,4.8,22,0,22,43.4,6.8,36.6,8.6,5.4,3.2,31,0,31,16,1.2,14.8,NA,NA,0,NA,NA,0,NA,NA,0,NA,NA,0,NA,NA,0,NA,NA,NA,13.4,112.4,1.116666667,0.124535316,4,1
189,BRPE,11,8,g,07-Jun-25,21-Jun-25,14,low,t2,8.72,8.738,1.31,1.37,0.06,0.018,NA,58.6,15.2,0.4,6,NA,NA,NA,NA,NA,NA,NA,3.4,29,NA,29,55.2,49.6,5.6,38,32.5,5.5,24,18.2,5.8,41.2,14,27.2,NA,NA,0,NA,NA,0,NA,NA,0,NA,NA,0,NA,NA,0,9.8,NA,NA,124.1,76.5,8.164473684,1.697674419,4,1
191,NA,10,7,ng,07-Jun-25,13-Jun-25,6,low,t1,10.136,NA,4.631,4.808,0.177,-10.136,52,51.4,19.4,0.3,8,NA,NA,NA,0.491,0.492,0.001,150,5.2,21.2,0,21.2,20,6,14,46.2,0,46.2,4.8,0,4.8,29.4,9.2,20.2,32.4,6.8,25.6,34.8,10.2,24.6,NA,NA,0,NA,NA,0,NA,NA,0,1,NA,NA,33.2,161.8,1.711340206,0.212005109,4,1
192,MRND,2,6,ng,07-Jun-25,21-Jun-25,14,high,t2,8.745,9.284,1.228,1.408,0.18,0.539,67.1,68,15.7,0.5,7,NA,NA,NA,NA,NA,0,NA,6.6,18.4,0.2,18.2,52.6,0.7,51.9,61.4,25.1,36.3,38.1,24.8,13.3,49.8,NA,49.8,44,29.2,14.8,43.1,33.1,10,NA,NA,0,NA,NA,0,NA,NA,0,NA,NA,double shoot?,113.1,200.9,7.203821656,0.582089552,4,1
197,NA,8,5,g,07-Jun-25,13-Jun-25,6,high,t1,8.563,8.742,4.67,4.804,0.134,0.179,70,69.4,18.6,0.4,5,NA,NA,NA,0.573,0.575,0.002,200,5.6,48.4,0,48.4,43.4,0.3,43.1,63.8,9.6,54.2,34.6,10.6,24,58.8,4.8,54,NA,NA,0,NA,NA,0,NA,NA,0,NA,NA,0,NA,NA,0,NA,NA,NA,25.3,229.3,1.360215054,0.113097899,4,1
199,NA,10,6,g,07-Jun-25,13-Jun-25,6,high,t1,8.68,8.896,4.724,4.829,0.105,0.216,56,64.4,17.1,0.4,2,NA,NA,NA,0.544,0.545,0.001,75,6.2,49.4,0,49.4,58.2,0,58.2,NA,NA,0,NA,NA,0,NA,NA,0,NA,NA,0,NA,NA,0,NA,NA,0,NA,NA,0,NA,NA,0,NA,NA,NA,0,113.8,0,0,4,1
201,108,14,5,ng,06-Jun-25,13-Aug-25,68,high,t3,0,0,0,0,0,0.01,17,0,0,0.5,1,0,0,0,NA,NA,NA,NA,NA,NA,NA,0,NA,NA,0,NA,NA,0,NA,NA,0,NA,NA,0,NA,NA,0,NA,NA,0,NA,NA,0,NA,NA,0,NA,NA,0,NA,NA,"one short baade, no rhizome",0,0,#DIV/0!,#DIV/0!,1,2
203,HRSI,6,6,g,07-Jun-25,21-Jun-25,14,low,t2,8.657,8.768,1.819,1.823,0.004,0.111,34.6,22.7,4.3,0.3,1,NA,NA,NA,NA,NA,0,NA,3.5,19.2,4.1,15.1,NA,NA,0,NA,NA,0,NA,NA,0,NA,NA,0,NA,NA,0,NA,NA,0,NA,NA,0,NA,NA,0,NA,NA,0,NA,NA,NA,4.1,18.6,0.953488372,0.271523179,4,1
206,ACAD,3,10,g,07-Jun-25,21-Jun-25,14,high,t2,8.712,8.926,1.712,1.796,0.084,0.214,56.2,100,16.8,0.4,6,NA,NA,NA,NA,NA,0,NA,4,88.5,NA,88.5,96,24.5,71.5,33.4,NA,33.4,51.5,11.2,40.3,82.5,20,62.5,34,12,22,NA,NA,0,NA,NA,0,NA,NA,0,NA,NA,0,NA,NA,*,67.7,322.2,4.029761905,0.212759271,4,1
207,NA,NA,5,g,07-Jun-25,21-Jun-25,14,high,t2,NA,NA,1.419,1.491,0.072,0,0,0,0,0,0,NA,NA,NA,NA,NA,0,NA,NA,NA,NA,0,NA,NA,0,NA,NA,0,NA,NA,0,NA,NA,0,NA,NA,0,NA,NA,0,NA,NA,0,NA,NA,0,NA,NA,0,NA,NA,no  shoot,0,0,#DIV/0!,#DIV/0!,0,2
209,73,11,8,g,06-Jun-25,13-Aug-25,68,low,t3,0,0,1.65,1.687,0.037,0,0,0,0,0,0,3,4,0,NA,NA,0,NA,NA,NA,NA,0,NA,NA,0,NA,NA,0,NA,NA,0,NA,NA,0,NA,NA,0,NA,NA,0,NA,NA,0,NA,NA,0,NA,NA,0,NA,NA,no shoot,0,0,#DIV/0!,#DIV/0!,0,2
210,14,2,5,g,06-Jun-25,13-Aug-25,68,low,t3,10.191,NA,1.205,1.375,0.17,0.044,19,0,5.4,0.3,3,6.2,11,0,NA,NA,0,NA,NA,NA,NA,0,NA,NA,0,NA,NA,0,NA,NA,0,NA,NA,0,NA,NA,0,NA,NA,0,NA,NA,0,NA,NA,0,NA,NA,0,NA,NA,length measured from imageJ,0,0,0,#DIV/0!,3,1
211,94,14,5,ng,06-Jun-25,13-Aug-25,68,high,t3,0,0,0,0,0,0,0,0,0,0,0,0,0,0,NA,NA,NA,NA,NA,NA,NA,0,NA,NA,0,NA,NA,0,NA,NA,0,NA,NA,0,NA,NA,0,NA,NA,0,NA,NA,0,NA,NA,0,NA,NA,0,NA,NA,no shoot or rhizome?,0,0,#DIV/0!,#DIV/0!,0,2
213,89,16,5,ng,06-Jun-25,13-Aug-25,68,high,t3,0,0,0,0,0,0,0,0,0,0,0,0,0,0,NA,NA,NA,NA,NA,NA,NA,0,NA,NA,0,NA,NA,0,NA,NA,0,NA,NA,0,NA,NA,0,NA,NA,0,NA,NA,0,NA,NA,0,NA,NA,0,NA,NA,no shoot or rhizome,0,0,#DIV/0!,#DIV/0!,0,2
214,NA,4,6,g,06-Jun-25,12-Jun-25,6,donor,t1,10.046,10.186,4.788,4.833,0.045,0.14,46.9,43.1,3.8,0.3,4,NA,NA,NA,0.506,0.507,0.001,50,8.5,13.5,1.1,12.4,34.6,0,34.6,6.1,0,6.1,7.5,0,7.5,NA,NA,0,NA,NA,0,NA,NA,0,NA,NA,0,NA,NA,0,NA,NA,0,NA,NA,NA,1.1,69.1,0.289473684,0.018151815,1,1
218,MCRR,1,7,ng,07-Jun-25,21-Jun-25,14,low,t2,NA,NA,1.579,1.773,0.194,0,0,0,0,0,0,NA,NA,NA,NA,NA,0,NA,NA,NA,NA,0,NA,NA,0,NA,NA,0,NA,NA,0,NA,NA,0,NA,NA,0,NA,NA,0,NA,NA,0,NA,NA,0,NA,NA,0,NA,NA,"no shoot, ripped off",0,0,#DIV/0!,#DIV/0!,1,2
219,NA,1,6,g,06-Jun-25,20-Jun-25,14,donor,t2,8.811,8.854,NA,NA,0,0.043,30,0,2.8,0.3,1,NA,NA,NA,NA,NA,0,NA,NA,NA,NA,0,NA,NA,0,NA,NA,0,NA,NA,0,NA,NA,0,NA,NA,0,NA,NA,0,NA,NA,0,NA,NA,0,NA,NA,0,NA,NA,"broken on both sides, no rhizome",0,0,0,#DIV/0!,1,2
223,RAT3,8,4,g,07-Jun-25,21-Jun-25,14,low,t2,8.943,9.705,1.6,1.662,0.062,0.762,96.3,96.3,18.8,0.6,7,NA,NA,NA,NA,NA,0,NA,1.4,70,1.5,68.5,86.3,NA,86.3,89.8,2.8,87,52.8,3.8,49,94.9,NA,94.9,NA,NA,0,NA,NA,0,NA,NA,0,NA,NA,0,NA,NA,0,9.7,3,NA,20.8,387.1,1.106382979,0.053927923,4,1
225,NA,14,7,g,07-Jun-25,13-Jun-25,6,low,t1,9.87,10.555,4.648,4.712,0.064,0.685,128.8,128.8,29,0.4,6,NA,NA,NA,0.595,0.598,0.003,200,6.3,122.5,0.2,122.3,57,0,57,31.2,0,31.2,21.2,6.6,14.6,80,8.8,71.2,102.3,7.9,94.4,NA,NA,0,NA,NA,0,NA,NA,0,NA,NA,0,NA,NA,NA,23.5,397,0.810344828,0.060148452,4,1
231,1,2,5,g,06-Jun-25,13-Aug-25,68,low,t3,0,0,4.913,NA,-4.913,0,0,0,0,0,0,3.2,4,0,NA,NA,0,NA,NA,NA,NA,0,NA,NA,0,NA,NA,0,NA,NA,0,NA,NA,0,NA,NA,0,NA,NA,0,NA,NA,0,NA,NA,0,NA,NA,0,NA,NA,only rhizome,0,0,#DIV/0!,#DIV/0!,0,2
232,HOFR,5,5,ng,07-Jun-25,21-Jun-25,14,low,t2,NA,NA,1.498,1.531,0.033,0,28.3,28.3,5,0.3,3,NA,NA,NA,NA,NA,0,NA,1.4,26.9,4.1,22.8,15.7,6.3,9.4,21.3,0.2,21.1,NA,NA,0,NA,NA,0,NA,NA,0,NA,NA,0,NA,NA,0,NA,NA,0,NA,NA,0,NA,NA,NA,10.6,54.7,2.12,0.198874296,2,1
234,NA,3,4,g,06-Jun-25,12-Jun-25,6,donor,t1,8.622,8.739,4.65,4.706,0.056,0.117,16.7,0,6.7,0.4,0,NA,NA,NA,0.615,0.616,0.001,180,NA,NA,NA,0,NA,NA,0,NA,NA,0,NA,NA,0,NA,NA,0,NA,NA,0,NA,NA,0,NA,NA,0,NA,NA,0,NA,NA,0,NA,NA,too rangled for measurment,0,0,0,#DIV/0!,1,2
236,shen,5,6,ng,06-Jun-25,20-Jun-25,14,donor,t2,8.658,8.898,1.419,1.54,0.121,0.24,38,38,14.2,0.4,8,NA,NA,NA,NA,NA,0,NA,2,8.9,3,5.9,11.7,4.6,7.1,19,5,14,36,7,29,11.4,9.4,2,29.2,10.8,18.4,27.4,5,22.4,NA,NA,0,NA,NA,0,NA,NA,0,4.4,NA,NA,49.2,100.8,3.464788732,0.497975709,4,1
240,NA,6,6,ng,06-Jun-25,12-Jun-25,6,donor,t1,10.121,10.241,4.761,4.775,0.014,0.12,61.4,0,2.2,0.4,0,NA,NA,NA,0.516,0.516,0,60,NA,NA,NA,0,NA,NA,0,NA,NA,0,NA,NA,0,NA,NA,0,NA,NA,0,NA,NA,0,NA,NA,0,NA,NA,0,NA,NA,0,NA,NA,NA,0,0,0,#DIV/0!,4,1
242,AFGO,4,6,ng,07-Jun-25,21-Jun-25,14,high,t2,8.675,9.137,1.454,1.553,0.099,0.462,91.7,92,22.1,0.4,6,NA,NA,NA,NA,NA,0,NA,3.4,60.7,0,60.7,69.8,0,69.8,88.6,0.6,88,48.8,6.7,42.1,83.1,2.4,80.7,15.9,8.4,7.5,NA,NA,0,NA,NA,0,NA,NA,0,NA,NA,0,NA,NA,NA,18.1,352.2,0.819004525,0.051892202,3,1
244,NA,13,5,ng,07-Jun-25,13-Jun-25,6,low,t1,10.075,10.337,4.748,4.791,0.043,0.262,35.3,65.3,9.2,0.4,6,NA,NA,NA,0.514,0.516,0.002,150,2.6,34.4,2.1,32.3,47.4,0,47.4,62.7,3.4,59.3,36.5,8.3,28.2,27.3,12.6,14.7,39.3,2.2,37.1,NA,NA,0,NA,NA,0,NA,NA,0,NA,NA,0,NA,NA,NA,28.6,221.6,3.108695652,0.130593607,4,1
245,78,4,4,g,06-Jun-25,13-Aug-25,68,low,t3,NA,NA,1.687,1.803,0.116,0.11,13,13,7.3,0.4,2,8.2,4,0,NA,NA,0,NA,13,NA,NA,0,NA,NA,0,NA,NA,0,NA,NA,0,NA,NA,0,NA,NA,0,NA,NA,0,NA,NA,0,NA,NA,0,NA,NA,0,NA,NA,"shoot wieghed mesured without bag, rhizome measured from photo",0,13,0,#DIV/0!,4,1
246,106,15,4,ng,06-Jun-25,13-Aug-25,68,high,t3,0,0,4.868,NA,-4.868,0,9,0,NA,0.4,1,3.2,4,0,NA,NA,NA,NA,NA,NA,NA,0,NA,NA,0,NA,NA,0,NA,NA,0,NA,NA,0,NA,NA,0,NA,NA,0,NA,NA,0,NA,NA,0,NA,NA,0,NA,NA,"no shoot, one small blade meaured with imaj J",0,0,#DIV/0!,#DIV/0!,1,2
247,NA,NA,6,ng,07-Jun-25,21-Jun-25,14,high,t2,NA,NA,1.226,1.311,0.085,0,0,0,0,0,0,NA,NA,NA,NA,NA,0,NA,NA,NA,NA,0,NA,NA,0,NA,NA,0,NA,NA,0,NA,NA,0,NA,NA,0,NA,NA,0,NA,NA,0,NA,NA,0,NA,NA,0,NA,NA,no shoot,0,0,#DIV/0!,#DIV/0!,0,2
249,NA,8,6,g,06-Jun-25,20-Jun-25,14,donor,t2,NA,NA,NA,NA,0,0,0,0,0,0,0,NA,NA,NA,NA,NA,0,NA,NA,NA,NA,0,NA,NA,0,NA,NA,0,NA,NA,0,NA,NA,0,NA,NA,0,NA,NA,0,NA,NA,0,NA,NA,0,NA,NA,0,NA,NA,not measurable,0,0,#DIV/0!,#DIV/0!,0,2
250,HOME,10,6,ng,07-Jun-25,21-Jun-25,14,low,t2,8.746,9.136,1.537,1.715,0.178,0.39,70,69.8,6.2,0.4,5,NA,NA,NA,NA,NA,0,NA,6.8,63,0,63,37,0,37,60,1.4,58.6,46,10,36,45,10,35,NA,NA,0,NA,NA,0,NA,NA,0,NA,NA,0,NA,NA,0,NA,NA,NA,21.4,236.4,3.451612903,0.093205575,4,1
251,NA,14,6,ng,07-Jun-25,13-Jun-25,6,low,t1,10.245,NA,4.685,4.813,0.128,-10.245,86.3,86.3,20.4,0.5,8,NA,NA,NA,0.497,0.499,0.002,90,5.9,73.6,0,73.6,31.4,5.7,25.7,34.5,0,34.5,75.8,4,71.8,76.6,8.8,67.8,18.7,1.4,17.3,80.4,0,80.4,31.4,0,31.4,NA,NA,0,NA,NA,0,NA,NA,NA,19.9,408.4,0.975490196,0.049440994,3,1
253,NA,NA,4,ng,07-Jun-25,21-Jun-25,14,low,t2,NA,NA,NA,NA,0,0,0,0,0,0,0,NA,NA,NA,NA,NA,0,NA,NA,NA,NA,0,NA,NA,0,NA,NA,0,NA,NA,0,NA,NA,0,NA,NA,0,NA,NA,0,NA,NA,0,NA,NA,0,NA,NA,0,NA,NA,no plant or root,0,0,#DIV/0!,#DIV/0!,0,2
256,NA,11,5,ng,07-Jun-25,21-Jun-25,14,low,t2,8.962,9.276,1.548,1.682,0.134,0.314,43.8,43.8,12.9,0.4,7,NA,NA,NA,NA,NA,0,NA,2.4,22.4,10,12.4,34,7,27,7.9,5.4,2.5,41.4,8,33.4,36.8,16,20.8,19.2,13.5,5.7,NA,NA,0,NA,NA,0,NA,NA,0,NA,NA,0,5.2,NA,NA,65.1,104.2,5.046511628,0.639489195,4,1
257,PIG1,6,6,g,07-Jun-25,21-Jun-25,14,low,t2,8.982,9.677,9.17,9.229,0.059,0.695,85.2,85.2,27.9,0.6,6,NA,NA,NA,NA,NA,0,NA,3.6,53.6,0,53.6,59.1,0,59.1,58,8.6,49.4,81.6,14.6,67,73,0.2,72.8,49.1,10,39.1,NA,NA,0,NA,NA,0,NA,NA,0,NA,NA,0,NA,NA,NA,33.4,344.6,1.197132616,0.097947214,4,1
261,KATM,1,7,ng,07-Jun-25,21-Jun-25,14,high,t2,8.582,9.157,1.437,NA,-1.437,0.575,87.7,77.9,14.1,0.4,7,NA,NA,NA,NA,NA,0,NA,4.4,26.7,NA,26.7,48.6,0.2,48.4,57.6,1.2,56.4,73.5,7.9,65.6,41.7,21.9,19.8,40.6,21.3,19.3,NA,NA,0,NA,NA,0,NA,NA,0,NA,NA,0,NA,3.8,NA,56.3,240.6,3.992907801,0.238357324,4,1
262,NABR,1,4,ng,07-Jun-25,21-Jun-25,14,low,t2,NA,NA,9.059,9.256,0.197,0,0,0,0,0,0,NA,NA,NA,NA,NA,0,NA,NA,NA,NA,0,NA,NA,0,NA,NA,0,NA,NA,0,NA,NA,0,NA,NA,0,NA,NA,0,NA,NA,0,NA,NA,0,NA,NA,0,NA,NA,no shoot,0,0,#DIV/0!,#DIV/0!,0,2
263,NA,2,9,g,06-Jun-25,12-Jun-25,6,low,t1,10.217,10.426,4.603,4.777,0.174,0.209,43,0,9.9,0.5,7,NA,NA,2,0.475,0.476,0.001,130,NA,NA,NA,0,NA,NA,0,NA,NA,0,NA,NA,0,NA,NA,0,NA,NA,0,NA,NA,0,NA,NA,0,NA,NA,0,NA,NA,0,NA,NA,length and shoot number from imageJ,0,0,0,#DIV/0!,4,1
266,9,10,7,ng,06-Jun-25,13-Aug-25,68,low,t3,0,0,0,0,0,0,0,0,0,0,0,0,0,0,NA,NA,0,NA,NA,NA,NA,0,NA,NA,0,NA,NA,0,NA,NA,0,NA,NA,0,NA,NA,0,NA,NA,0,NA,NA,0,NA,NA,0,NA,NA,0,NA,NA,no shoot or rhizome,0,0,#DIV/0!,#DIV/0!,0,2
269,shen,5,6,ng,06-Jun-25,20-Jun-25,14,donor,t2,8.74,9.072,1.246,1.329,0.083,0.332,64.2,64.2,13.2,0.4,6,NA,NA,NA,NA,NA,0,NA,5.2,5,4,1,11,7,4,10,3.2,6.8,14.8,10.2,4.6,59,5.8,53.2,38,25.2,12.8,NA,NA,0,NA,NA,0,NA,NA,0,NA,NA,0,NA,NA,NA,55.4,87.6,4.196969697,0.672330097,4,1
273,HART,4,NA,g,07-Jun-25,21-Jun-25,14,low,t2,8.931,9.412,8.92,9.212,0.292,0.481,82.8,83.2,17,0.4,6,NA,NA,NA,NA,NA,0,NA,6,48,0,48,77.2,9.6,67.6,56,0,56,23.8,16.4,7.4,65.8,19.6,46.2,NA,NA,0,NA,NA,0,NA,NA,0,NA,NA,0,NA,NA,0,2.2,NA,NA,47.8,231.2,2.811764706,0.212255773,4,1
277,BEFI,2,6,ng,07-Jun-25,21-Jun-25,14,high,t2,8.726,8.882,1.556,1.65,0.094,0.156,42.5,0,19,0.5,1,NA,NA,NA,NA,NA,0,NA,NA,NA,NA,0,NA,NA,0,NA,NA,0,NA,NA,0,NA,NA,0,NA,NA,0,NA,NA,0,NA,NA,0,NA,NA,0,NA,NA,0,NA,NA,", measured from image J(one piece of blade)",0,0,0,#DIV/0!,1,2
278,70,4,5,g,06-Jun-25,13-Aug-25,68,low,t3,10.19,NA,4.886,NA,-4.886,-10.19,69,0,17.5,0.3,4,9.8,7,0,NA,NA,0,NA,NA,NA,NA,0,NA,NA,0,NA,NA,0,NA,NA,0,NA,NA,0,NA,NA,0,NA,NA,0,NA,NA,0,NA,NA,0,NA,NA,0,NA,NA,length measured from imageJ,0,0,0,#DIV/0!,4,1
281,13,1,3,ng,06-Jun-25,13-Aug-25,68,low,t3,10.283,NA,0,0,0,-10.283,73,0,NA,0.4,3,0,0,0,NA,NA,0,NA,NA,NA,NA,0,NA,NA,0,NA,NA,0,NA,NA,0,NA,NA,0,NA,NA,0,NA,NA,0,NA,NA,0,NA,NA,0,NA,NA,0,NA,NA,"measured from imageJ, could not find sheath",0,0,#DIV/0!,#DIV/0!,4,1
284,67,NA,5,ng,06-Jun-25,13-Aug-25,68,low,t3,0,0,0,0,0,0,0,0,0,0,0,0,0,0,NA,NA,0,NA,NA,NA,NA,0,NA,NA,0,NA,NA,0,NA,NA,0,NA,NA,0,NA,NA,0,NA,NA,0,NA,NA,0,NA,NA,0,NA,NA,0,NA,NA,no shoot or rhizome,0,0,#DIV/0!,#DIV/0!,0,2
285,69,12,5,ng,06-Jun-25,13-Aug-25,68,low,t3,0,0,4.891,NA,-4.891,0,0,0,0,0,0,4,4,0,NA,NA,0,NA,NA,NA,NA,0,NA,NA,0,NA,NA,0,NA,NA,0,NA,NA,0,NA,NA,0,NA,NA,0,NA,NA,0,NA,NA,0,NA,NA,0,NA,NA,rhizome only,0,0,#DIV/0!,#DIV/0!,0,2
286,ALDR,9,5,ng,07-Jun-25,21-Jun-25,14,low,t2,NA,NA,0.756,0.774,0.018,0,0,0,NA,NA,0,NA,NA,NA,NA,NA,0,NA,NA,NA,NA,0,NA,NA,0,NA,NA,0,NA,NA,0,NA,NA,0,NA,NA,0,NA,NA,0,NA,NA,0,NA,NA,0,NA,NA,0,NA,NA,only root,0,0,#DIV/0!,#DIV/0!,0,2
288,GRSM,3,7,g,07-Jun-25,21-Jun-25,14,high,t2,8.767,9.152,1.543,1.817,0.274,0.385,68.3,69.2,29.6,0.5,4,NA,NA,NA,NA,NA,0,NA,10.3,37.1,0.6,36.5,54,NA,54,58.9,7.1,51.8,NA,NA,0,NA,NA,0,NA,NA,0,NA,NA,0,NA,NA,0,NA,NA,0,NA,NA,0,NA,10.1,twist tie cutbrhizome,17.8,152.6,0.601351351,0.125087843,4,1
290,GRBA,2,5,ng,07-Jun-25,21-Jun-25,14,high,t2,8.639,8.925,1.481,1.545,0.064,0.286,35,0,NA,0.4,1,NA,NA,NA,NA,NA,0,NA,NA,NA,NA,0,NA,NA,0,NA,NA,0,NA,NA,0,NA,NA,0,NA,NA,0,NA,NA,0,NA,NA,0,NA,NA,0,NA,NA,0,NA,NA,"no shoot, one rough blade measured from imageJ",0,0,#DIV/0!,#DIV/0!,1,2
296,NA,13,3,ng,07-Jun-25,13-Jun-25,6,low,t1,10.164,10.176,4.613,4.698,0.085,0.012,0,0,0,0,0,NA,NA,NA,0.493,0.493,0,100,NA,NA,NA,0,NA,NA,0,NA,NA,0,NA,NA,0,NA,NA,0,NA,NA,0,NA,NA,0,NA,NA,0,NA,NA,0,NA,NA,0,NA,NA,no shoot,0,0,#DIV/0!,#DIV/0!,0,2
297,NA,3,6,ng,07-Jun-25,13-Jun-25,6,low,t1,10.184,10.494,4.657,4.746,0.089,0.31,115.4,115.4,20.6,0.4,6,NA,NA,NA,0.595,NA,-0.595,200,2.5,45.7,0,45.7,25.4,0,25.4,98.4,19.7,78.7,112.9,0,112.9,87,0,87,40,0,40,NA,NA,0,NA,NA,0,NA,NA,0,NA,NA,0,NA,NA,NA,19.7,392.2,0.95631068,0.050551706,4,1
300,NA,5,4,ng,07-Jun-25,13-Jun-25,6,low,t1,10.273,10.348,4.682,4.694,0.012,0.075,54.4,55,12.7,0.3,8,NA,NA,NA,0.576,0.581,0.005,200,3,28.6,0,28.6,29.5,0,29.5,14.6,0,14.6,37.3,0,37.3,52,0.2,51.8,35.3,1.2,34.1,31,6.1,24.9,10.4,3.5,6.9,NA,NA,0,NA,NA,0,NA,NA,NA,11,230.7,0.866141732,0.048309179,4,1
301,AFBG,4,5,ng,07-Jun-25,21-Jun-25,14,high,t2,8.586,8.903,1.548,1.706,0.158,0.317,29.1,0,12,0.4,4,NA,NA,NA,NA,NA,0,NA,NA,NA,NA,0,NA,NA,0,NA,NA,0,NA,NA,0,NA,NA,0,NA,NA,0,NA,NA,0,NA,NA,0,NA,NA,0,NA,NA,0,NA,NA,mangled,0,0,0,#DIV/0!,3,1
302,105,14,5,ng,06-Jun-25,13-Aug-25,68,high,t3,10.372,NA,4.992,NA,-4.992,-10.372,47,0,NA,0.4,2,2.8,4,0,NA,NA,NA,NA,NA,NA,NA,0,NA,NA,0,NA,NA,0,NA,NA,0,NA,NA,0,NA,NA,0,NA,NA,0,NA,NA,0,NA,NA,0,NA,NA,0,NA,NA,measured using imaj J,0,0,#DIV/0!,#DIV/0!,3,1
303,11,14,5,g,06-Jun-25,13-Aug-25,68,low,t3,10.199,NA,4.936,NA,-4.936,-10.199,41,0,13,0.4,2,2.9,4,0,NA,NA,NA,NA,NA,NA,NA,0,NA,NA,0,NA,NA,0,NA,NA,0,NA,NA,0,NA,NA,0,NA,NA,0,NA,NA,0,NA,NA,0,NA,NA,0,NA,NA,"measured using imaj J, sheath is questionable",0,0,0,#DIV/0!,3,1
304,112,14,4,ng,06-Jun-25,13-Aug-25,68,high,t3,0,0,4.968,NA,-4.968,0,0,0,0,0,0,1.5,3,0,NA,NA,NA,NA,NA,NA,NA,0,NA,NA,0,NA,NA,0,NA,NA,0,NA,NA,0,NA,NA,0,NA,NA,0,NA,NA,0,NA,NA,0,NA,NA,0,NA,NA,no shoot,0,0,#DIV/0!,#DIV/0!,0,2
305,NA,14,7,ng,07-Jun-25,13-Jun-25,6,low,t1,10.289,NA,4.728,4.796,0.068,-10.289,74.9,74.9,42,0.4,6,NA,NA,NA,0.602,0.61,0.008,280,9.8,23.3,0,23.3,54.6,0,54.6,34.1,0,34.1,65.1,0,65.1,58,0,58,54.8,0,54.8,NA,NA,0,NA,NA,0,NA,NA,0,NA,NA,0,NA,NA,NA,0,299.7,0,0,4,1
307,NA,8,6,ng,06-Jun-25,20-Jun-25,14,donor,t2,NA,NA,1.481,1.562,0.081,0,59,0,20,0.5,4,NA,NA,NA,NA,NA,0,NA,NA,NA,NA,0,NA,NA,0,NA,NA,0,NA,NA,0,NA,NA,0,NA,NA,0,NA,NA,0,NA,NA,0,NA,NA,0,NA,NA,0,NA,NA,not measurable,0,0,0,#DIV/0!,2,1
310,LABE,3,6,g,07-Jun-25,21-Jun-25,14,low,t2,NA,NA,1.73,1.804,0.074,0,43.2,43.2,14.4,0.4,5,NA,NA,NA,NA,NA,0,NA,4,34.6,0.2,34.4,39.2,0,39.2,30,NA,30,30.2,7,23.2,23.4,5.2,18.2,NA,NA,0,NA,NA,0,NA,NA,0,NA,NA,0,NA,NA,0,NA,NA,NA,12.4,149,0.861111111,0.085517241,3,1
311,80,16,4,g,06-Jun-25,13-Aug-25,68,low,t3,0,0,1.441,1.481,0.04,0,0,0,0,0,0,3.4,8,0,NA,NA,0,NA,NA,NA,NA,0,NA,NA,0,NA,NA,0,NA,NA,0,NA,NA,0,NA,NA,0,NA,NA,0,NA,NA,0,NA,NA,0,NA,NA,0,NA,NA,rhizome only,0,0,#DIV/0!,#DIV/0!,0,2
312,NA,8,5,g,06-Jun-25,20-Jun-25,14,donor,t2,NA,NA,NA,NA,0,0,0,0,0,0,0,NA,NA,NA,NA,NA,0,NA,NA,NA,NA,0,NA,NA,0,NA,NA,0,NA,NA,0,NA,NA,0,NA,NA,0,NA,NA,0,NA,NA,0,NA,NA,0,NA,NA,0,NA,NA,not measurable,0,0,#DIV/0!,#DIV/0!,0,2
316,76,12,6,ng,06-Jun-25,13-Aug-25,68,low,t3,10.198,NA,4.892,NA,-4.892,-10.198,55.2,0,12.4,0.3,6,17,8,1,NA,NA,0,NA,NA,NA,NA,0,NA,NA,0,NA,NA,0,NA,NA,0,NA,NA,0,NA,NA,0,NA,NA,0,NA,NA,0,NA,NA,0,NA,NA,0,NA,NA,NA,0,0,0,#DIV/0!,5,0
324,RAT2,8,4,g,07-Jun-25,21-Jun-25,14,low,t2,NA,NA,8.616,8.732,0.116,0,0,0,0,0,0,NA,NA,NA,NA,NA,0,NA,NA,NA,NA,0,NA,NA,0,NA,NA,0,NA,NA,0,NA,NA,0,NA,NA,0,NA,NA,0,NA,NA,0,NA,NA,0,NA,NA,0,NA,NA,no shoot,0,0,#DIV/0!,#DIV/0!,1,2
326,74,12,6,ng,06-Jun-25,13-Aug-25,68,low,t3,0,0,4.906,NA,-4.906,0,0,0,0,0,0,7,6,0,NA,NA,0,NA,NA,NA,NA,0,NA,NA,0,NA,NA,0,NA,NA,0,NA,NA,0,NA,NA,0,NA,NA,0,NA,NA,0,NA,NA,0,NA,NA,0,NA,NA,rhizome only,0,0,#DIV/0!,#DIV/0!,0,2
328,OOAK,10,6,ng,07-Jun-25,21-Jun-25,14,low,t2,8.84,9.21,0.659,0.724,0.065,0.37,63,62.4,26,0.6,7,NA,NA,NA,NA,NA,0,NA,3.2,22.4,0,22.4,56.8,0,56.8,27.4,0,27.4,16.2,11,5.2,42.5,16.6,25.9,59.2,3,56.2,NA,NA,0,NA,NA,0,NA,NA,0,NA,NA,0,0.4,NA,NA,31,197.1,1.192307692,0.159876225,4,1
330,LALO,11,3,g,07-Jun-25,21-Jun-25,14,low,t2,8.731,8.919,1.437,1.487,0.05,0.188,45,45.2,8.2,0.3,4,NA,NA,NA,NA,NA,0,NA,2.2,30.2,3,27.2,43,0.2,42.8,10,5,5,NA,NA,0,NA,NA,0,NA,NA,0,NA,NA,0,NA,NA,0,NA,NA,0,NA,NA,0,5.4,NA,NA,13.6,77.2,1.658536585,0.181333333,3,1
332,NA,NA,8,ng,07-Jun-25,21-Jun-25,14,high,t2,NA,NA,1.5,1.557,0.057,0,0,0,0,0,0,NA,NA,NA,NA,NA,0,NA,NA,NA,NA,0,NA,NA,0,NA,NA,0,NA,NA,0,NA,NA,0,NA,NA,0,NA,NA,0,NA,NA,0,NA,NA,0,NA,NA,0,NA,NA,just root,0,0,#DIV/0!,#DIV/0!,0,2
333,NA,4,4,g,07-Jun-25,21-Jun-25,14,low,t2,8.909,9.036,4.68,4.797,0.117,0.127,21.2,21.2,8.4,0.3,4,NA,NA,NA,NA,NA,0,NA,5.1,8.9,7.9,1,14.2,13.4,0.8,14,13.7,0.3,16.1,15.2,0.9,NA,NA,0,NA,NA,0,NA,NA,0,NA,NA,0,NA,NA,0,NA,NA,0,NA,NA,NA,50.2,8.1,5.976190476,16.73333333,3,1
334,NA,8,4,g,06-Jun-25,20-Jun-25,14,donor,t2,NA,NA,NA,NA,0,0,0,0,NA,NA,0,NA,NA,NA,NA,NA,0,NA,NA,NA,NA,0,NA,NA,0,NA,NA,0,NA,NA,0,NA,NA,0,NA,NA,0,NA,NA,0,NA,NA,0,NA,NA,0,NA,NA,0,NA,NA,not measurable,0,0,#DIV/0!,#DIV/0!,0,2
335,PIG3,6,NA,g,07-Jun-25,21-Jun-25,14,low,t2,8.707,9.017,1.477,1.537,0.06,0.31,57.2,57.2,12.2,0.5,5,NA,NA,NA,NA,NA,0,NA,1.8,55.4,19.3,36.1,36,22,14,42.8,36,6.8,35.2,22.9,12.3,38.2,9.7,28.5,NA,NA,0,NA,NA,0,NA,NA,0,NA,NA,0,NA,NA,0,NA,NA,NA,109.9,99.5,9.008196721,1.124872057,4,1
338,HEHO,4,7,g,07-Jun-25,21-Jun-25,14,low,t2,8.688,8.817,1.267,1.364,0.097,0.129,32.4,32.4,12.8,0.3,11,NA,NA,NA,NA,NA,0,NA,4,28.2,1.2,27,27.8,0,27.8,17,7.4,9.6,28.4,13.4,15,11,4.5,6.5,24,0,24,10.2,3.2,7,22.5,16.4,6.1,20.2,8.8,11.4,25.2,14.5,10.7,6.4,NA,NA,75.8,149.1,5.921875,0.522398346,4,1
339,NA,8,5,g,06-Jun-25,20-Jun-25,14,donor,t2,NA,NA,NA,NA,0,0,0,0,NA,NA,0,NA,NA,NA,NA,NA,0,NA,NA,NA,NA,0,NA,NA,0,NA,NA,0,NA,NA,0,NA,NA,0,NA,NA,0,NA,NA,0,NA,NA,0,NA,NA,0,NA,NA,0,NA,NA,not measurable,0,0,#DIV/0!,#DIV/0!,0,2
341,NA,8,6,g,07-Jun-25,13-Jun-25,6,high,t1,8.624,9.13,4.716,4.754,0.038,0.506,69.4,87.7,5.8,0.3,7,NA,NA,NA,0.477,0.479,0.002,100,3,43.6,0,43.6,28.2,0,28.2,76.2,0,76.2,84.7,0.1,84.6,60.1,2.2,57.9,83.3,9.7,73.6,40.5,2.4,38.1,NA,NA,0,NA,NA,0,NA,NA,0,NA,NA,NA,14.4,405.2,2.482758621,0.035803083,4,1
345,LAD3,9,6,ng,07-Jun-25,21-Jun-25,14,low,t2,8.848,9.241,8.984,9.002,0.018,0.393,56,52.6,10,0.4,6,NA,NA,NA,NA,NA,0,NA,3.4,34,0,34,35,0,35,49.2,0,49.2,46,14.8,31.2,29.4,15.8,13.6,NA,NA,0,NA,NA,0,NA,NA,0,NA,NA,0,NA,NA,0,2.6,NA,NA,33.2,166.4,3.32,0.203680982,4,1
346,NATC,1,6,ng,07-Jun-25,21-Jun-25,14,low,t2,NA,NA,9.064,9.288,0.224,0,0,0,0,0,0,NA,NA,NA,NA,NA,0,NA,NA,NA,NA,0,NA,NA,0,NA,NA,0,NA,NA,0,NA,NA,0,NA,NA,0,NA,NA,0,NA,NA,0,NA,NA,0,NA,NA,0,NA,NA,no shoot,0,0,#DIV/0!,#DIV/0!,1,2
347,NA,NA,6,g,07-Jun-25,21-Jun-25,14,low,t2,NA,NA,NA,NA,0,0,0,0,0,0,0,NA,NA,NA,NA,NA,0,NA,NA,NA,NA,0,NA,NA,0,NA,NA,0,NA,NA,0,NA,NA,0,NA,NA,0,NA,NA,0,NA,NA,0,NA,NA,0,NA,NA,0,NA,NA,no shoot,0,0,#DIV/0!,#DIV/0!,1,2
348,NA,1,6,g,06-Jun-25,20-Jun-25,14,donor,t2,8.902,9.066,1.53,1.641,0.111,0.164,35,0,10,0.5,2,NA,NA,NA,NA,NA,0,NA,NA,NA,NA,0,NA,NA,0,NA,NA,0,NA,NA,0,NA,NA,0,NA,NA,0,NA,NA,0,NA,NA,0,NA,NA,0,NA,NA,0,NA,NA,too rotten,0,0,0,#DIV/0!,2,1
349,NA,16,5,g,07-Jun-25,13-Jun-25,6,low,t1,10.191,9.938,4.702,4.763,0.061,-0.253,51.1,51.1,17.3,0.3,5,NA,NA,NA,0.52,0.521,0.001,70,5.7,5.5,1.4,4.1,41.2,2.1,39.1,45.4,0.2,45.2,23.8,13.6,10.2,26.7,13.4,13.3,NA,NA,0,NA,NA,0,NA,NA,0,NA,NA,0,NA,NA,0,NA,NA,NA,30.7,117.6,1.774566474,0.2743521,4,1
350,NA,11,7,g,07-Jun-25,13-Jun-25,6,low,t1,10.23,NA,4.773,4.806,0.033,-10.23,85.2,85.2,25,0.5,8,NA,NA,NA,0.5288,0.532,0.0032,NA,4.5,43.5,0,43.5,80.7,0,80.7,27.4,0,27.4,16,11.4,4.6,16,11.3,4.7,43.5,2.5,41,50.6,0,50.6,NA,NA,0,NA,NA,0,NA,NA,0,6.2,NA,NA,31.4,257,1.256,0.124356436,4,1
351,NA,2,5,g,07-Jun-25,13-Jun-25,6,low,t1,10.236,10.238,4.672,4.733,0.061,0.002,40.8,40.8,17.3,0.3,4,NA,NA,NA,0.488,0.489,0.001,NA,5.2,4.5,0,4.5,29.6,0,29.6,10.7,0,10.7,35.6,0.4,35.2,NA,NA,0,NA,NA,0,NA,NA,0,NA,NA,0,NA,NA,0,NA,NA,0,NA,NA,NA,0.4,85.2,0.023121387,0.005,3,1
352,GAAR,2,5,ng,07-Jun-25,21-Jun-25,14,high,t2,8.712,8.758,1.587,1.67,0.083,0.046,69.9,69.9,15.8,0.4,3,NA,NA,NA,NA,NA,0,NA,3.4,54.6,2.5,52.1,66.5,NA,66.5,32.7,NA,32.7,NA,NA,0,NA,NA,0,NA,NA,0,NA,NA,0,NA,NA,0,NA,NA,0,NA,NA,0,NA,NA,NA,2.5,154.7,0.158227848,0.016523463,4,1
353,PINE,10,6,ng,07-Jun-25,21-Jun-25,14,low,t2,8.857,9.085,0.778,0.85,0.072,0.228,79.3,69.2,20,0.5,6,NA,NA,NA,NA,NA,0,NA,3.6,65.6,0,65.6,43.2,0,43.2,43,0,43,23.6,23.6,0,16.4,16.1,0.3,NA,NA,0,NA,NA,0,NA,NA,0,NA,NA,0,NA,NA,0,14.6,NA,NA,54.3,155.7,2.715,0.357001972,4,1
355,CUVA,5,5,g,07-Jun-25,21-Jun-25,14,high,t2,8.767,9.042,1.443,1.565,0.122,0.275,57.1,57.1,12.7,0.4,3,NA,NA,NA,NA,NA,0,NA,2.5,54.6,11.1,43.5,49.5,13.8,35.7,NA,NA,0,NA,NA,0,NA,NA,0,NA,NA,0,NA,NA,0,NA,NA,0,NA,NA,0,NA,NA,0,12.1,NA,NA,37,81.7,2.913385827,0.467171717,3,1
357,NA,5,5,ng,06-Jun-25,12-Jun-25,6,donor,t1,8.625,NA,4.675,4.733,0.058,-8.625,96.1,93,18.3,0.4,5,NA,NA,NA,0.537,0.538,0.001,75,11.4,26.6,0,26.6,81.6,0,81.6,25.5,0,25.5,26.6,0,26.6,16.1,0,16.1,NA,NA,0,NA,NA,0,NA,NA,0,NA,NA,0,NA,NA,0,NA,NA,NA,0,187.8,0,0,4,1
358,NA,3,5,ng,07-Jun-25,13-Jun-25,6,high,t1,8.589,NA,4.695,4.745,0.05,-8.589,34.3,33.7,7.1,0.4,8,NA,NA,NA,0.487,0.489,0.002,60,5.3,23,0,23,17.9,1.4,16.5,27.8,1.1,26.7,28.1,0,28.1,28,0.5,27.5,28.4,3.3,25.1,20.2,0,20.2,19.6,0,19.6,NA,NA,0,NA,NA,0,NA,NA,NA,6.3,192,0.887323944,0.033743974,3,1
359,12,1,6,ng,06-Jun-25,13-Aug-25,68,low,t3,10.19,10.247,0,0,0,0.057,129,0,NA,0.5,2,NA,NA,0,NA,NA,0,NA,NA,NA,NA,0,NA,NA,0,NA,NA,0,NA,NA,0,NA,NA,0,NA,NA,0,NA,NA,0,NA,NA,0,NA,NA,0,NA,NA,0,NA,NA,"measured from image J, no rhizome",0,0,#DIV/0!,#DIV/0!,3,1
361,NA,12,6,ng,07-Jun-25,13-Jun-25,6,low,t1,10.106,10.298,4.748,4.773,0.025,0.192,32.6,39.5,7.8,0.4,6,NA,NA,NA,0.516,0.517,0.001,150,7.2,25.2,0,25.2,32.3,0,32.3,18.7,2.2,16.5,6.2,5.9,0.3,5.3,4.8,0.5,11,0,11,NA,NA,0,NA,NA,0,NA,NA,0,NA,NA,0,NA,NA,NA,12.9,93,1.653846154,0.15034965,3,1
362,CIG3,7,5,ng,07-Jun-25,21-Jun-25,14,low,t2,8.896,9.107,0.685,0.721,0.036,0.211,30.2,30.4,7,0.2,4,NA,NA,NA,NA,NA,0,NA,2,17,0,17,28.4,2.2,26.2,18,7.2,10.8,14,11.5,2.5,NA,NA,0,NA,NA,0,NA,NA,0,NA,NA,0,NA,NA,0,NA,NA,0,NA,NA,NA,20.9,58.5,2.985714286,0.369911504,4,1
363,ANCH,3,6,ng,07-Jun-25,13-Jun-25,6,low,t1,NA,NA,1.183,1.214,0.031,0,101.6,101.6,NA,NA,10,NA,NA,NA,NA,NA,0,NA,3.8,24.4,0,24.4,17.8,0.1,17.7,34.4,0.1,34.3,16.5,2.2,14.3,30.6,12.9,17.7,26,8.3,17.7,97.8,10,87.8,26.1,1.8,24.3,19.4,7.4,12,NA,NA,0,6.7,NA,NA,49.5,254,#DIV/0!,0.197841727,5,0
364,NA,10,3,g,07-Jun-25,13-Jun-25,6,high,t1,8.635,8.802,4.724,4.736,0.012,0.167,35.2,34.3,12.2,0.2,4,NA,NA,NA,0.598,0.601,0.003,120,3.7,30.6,0,30.6,16.7,0,16.7,27,1.9,25.1,17.9,0,17.9,NA,NA,0,NA,NA,0,NA,NA,0,NA,NA,0,NA,NA,0,NA,NA,0,NA,NA,NA,1.9,94,0.155737705,0.021040975,3,1
366,NA,4,5,g,07-Jun-25,21-Jun-25,14,low,t2,NA,NA,1.653,1.677,0.024,0,0,0,0,0,0,NA,NA,NA,NA,NA,0,NA,NA,NA,NA,0,NA,NA,0,NA,NA,0,NA,NA,0,NA,NA,0,NA,NA,0,NA,NA,0,NA,NA,0,NA,NA,0,NA,NA,0,NA,NA,no shoot,0,0,#DIV/0!,#DIV/0!,0,2
367,DRTO,3,5,g,07-Jun-25,21-Jun-25,14,high,t2,8.972,9.428,1.53,1.734,0.204,0.456,91.6,84.4,20.2,0.5,5,NA,NA,NA,NA,NA,0,NA,4.6,51.4,NA,51.4,59.5,1.7,57.8,79.8,16.1,63.7,64.4,21.2,43.2,13.7,13,0.7,NA,NA,0,NA,NA,0,NA,NA,0,NA,NA,0,NA,NA,0,NA,NA,NA,52,221.4,2.574257426,0.239852399,4,1
369,EVER,5,5,g,07-Jun-25,21-Jun-25,14,high,t2,8.801,8.943,1.409,1.527,0.118,0.142,44,0,NA,0.5,1,NA,NA,NA,NA,NA,0,NA,NA,NA,NA,0,NA,NA,0,NA,NA,0,NA,NA,0,NA,NA,0,NA,NA,0,NA,NA,0,NA,NA,0,NA,NA,0,NA,NA,0,NA,NA,"wrangled, measured from imageJ",0,0,#DIV/0!,#DIV/0!,1,2
370,NA,15,5,ng,07-Jun-25,13-Jun-25,6,low,t1,10.09,10.322,4.658,4.75,0.092,0.232,40.5,40.5,11.2,0.4,7,NA,NA,NA,0.494,0.94,0.446,100,2.3,16.4,0,16.4,32.1,0,32.1,30,0,30,30.4,0.5,29.9,12.3,3.8,8.5,38.2,10.9,27.3,28.5,6.7,21.8,NA,NA,0,NA,NA,0,NA,NA,0,NA,NA,NA,21.9,168.3,1.955357143,0.131927711,5,0
371,shen,5,5,ng,06-Jun-25,20-Jun-25,14,donor,t2,8.735,9.14,1.519,1.626,0.107,0.405,68.6,68.6,15.4,0.4,5,NA,NA,NA,NA,NA,0,NA,4.2,64.4,0.4,64,41.4,0.2,41.2,60,5.6,54.4,32.4,6.8,25.6,30,4,26,NA,NA,0,NA,NA,0,NA,NA,0,NA,NA,0,NA,NA,0,NA,NA,NA,17,215.4,1.103896104,0.080492424,4,1
373,NA,1,7,g,06-Jun-25,12-Jun-25,6,donor,t1,8.624,8.88,4.703,4.817,0.114,0.256,59.7,62.1,15.3,0.4,5,NA,NA,NA,0.508,0.508,0,90,4.9,57.2,1.8,55.4,27.2,1.2,26,22.4,0.7,21.7,13.3,0,13.3,17.4,0,17.4,NA,NA,0,NA,NA,0,NA,NA,0,NA,NA,0,NA,NA,0,NA,NA,NA,3.7,138.7,0.241830065,0.027653214,4,1
375,ABLI,5,7,ng,07-Jun-25,21-Jun-25,14,high,t2,8.694,9.18,1.556,1.712,0.156,0.486,9.5,59.4,55.2,0.4,7,NA,NA,NA,NA,NA,0,NA,3,8.2,0.4,7.8,7,3.2,3.8,37.2,0,37.2,56,2.5,53.5,55.2,7.8,47.4,56.4,9,47.4,32.6,0,32.6,NA,NA,0,NA,NA,0,NA,NA,0,NA,NA,NA,22.9,232.7,0.414855073,0.099695255,4,1
376,MEVE,2,5,ng,07-Jun-25,21-Jun-25,14,low,t2,9.032,9.238,8.704,8.727,0.023,0.206,68,64.2,15.2,0.4,6,NA,NA,NA,NA,NA,0,NA,1.4,38,0,38,51,0,51,23.4,11,12.4,61,14.4,46.6,62.8,0.4,62.4,11,2.8,8.2,NA,NA,0,NA,NA,0,NA,NA,0,NA,NA,0,NA,NA,NA,28.6,220,1.881578947,0.130832571,4,1
378,LADI,9,6,ng,07-Jun-25,21-Jun-25,14,low,t2,8.964,9.581,0.676,0.766,0.09,0.617,103.3,103.3,23,0.6,6,NA,NA,NA,NA,NA,0,NA,3.2,96,2.4,93.6,100.1,0,100.1,21.2,3,18.2,38.2,4.5,33.7,98,2,96,30,11.5,18.5,NA,NA,0,NA,NA,0,NA,NA,0,NA,NA,0,NA,NA,NA,23.4,363.3,1.017391304,0.064981949,4,1
380,PIMA,4,6,g,07-Jun-25,21-Jun-25,14,low,t2,8.75,9.163,1.628,1.679,0.051,0.413,70,69,28,0.5,6,NA,NA,NA,NA,NA,0,NA,7,41.2,5,36.2,8.2,0.2,8,52.6,0.4,52.2,51.2,13.2,38,62,4.5,57.5,61.8,16.4,45.4,NA,NA,0,NA,NA,0,NA,NA,0,NA,NA,0,NA,NA,NA,39.7,244.3,1.417857143,0.167298778,4,1
381,68,16,4,g,06-Jun-25,13-Aug-25,68,low,t3,10.274,NA,4.901,NA,-4.901,-10.274,13.5,38,9.5,0.3,7,7.5,7,1,NA,NA,NA,NA,2,36,13.5,22.5,16,7.7,8.3,NA,NA,NA,NA,NA,NA,NA,NA,NA,NA,NA,0,NA,NA,0,NA,NA,0,NA,NA,0,NA,NA,0,NA,NA,"cut, has growth pin at T3",21.2,32.8,2.231578947,0.688311688,4,1
382,CIGI,7,8,ng,07-Jun-25,21-Jun-25,14,low,t2,9.023,9.446,0.849,0.978,0.129,0.423,94,93.4,17,0.4,4,NA,NA,NA,NA,NA,NA,NA,7.2,47.2,4.8,42.4,50.2,0,50.2,86.2,10.4,75.8,64,16.4,47.6,NA,NA,0,NA,NA,0,NA,NA,0,NA,NA,0,NA,NA,0,NA,NA,0,NA,NA,NA,31.6,223.2,1.858823529,0.146296296,4,1
384,NA,1,7,g,07-Jun-25,13-Jun-25,6,low,t1,10.192,10.321,4.675,4.789,0.114,0.129,72.4,72.4,20,0.5,8,NA,NA,NA,NA,NA,NA,NA,5,10.7,0,10.7,53.1,0,53.1,24.6,0.4,24.2,6.1,0.2,5.9,50.6,7.3,43.3,59.3,0,59.3,67.4,0,67.4,NA,NA,0,NA,NA,0,NA,NA,0,4,NA,NA,11.9,268.9,0.595,0.045092838,4,1
386,11,14,7,g,06-Jun-25,13-Aug-25,68,low,t3,10.294,NA,4.937,NA,-4.937,-10.294,53.3,0,10.7,0.4,4,4.8,5,0,0.649,0.652,0.003,NA,NA,NA,NA,0,NA,NA,0,NA,NA,0,NA,NA,0,NA,NA,0,NA,NA,0,NA,NA,0,NA,NA,0,NA,NA,0,NA,NA,0,NA,NA,NA,0,0,0,#DIV/0!,4,1
387,NA,2,4,g,06-Jun-25,12-Jun-25,6,donor,t1,8.773,8.811,4.695,4.776,0.081,0.038,26.8,25.2,12.4,0.4,4,NA,NA,NA,NA,NA,0,NA,4.2,13,0,13,13,0,13,21,0,21,13,0,13,NA,NA,0,NA,NA,0,NA,NA,0,NA,NA,0,NA,NA,0,NA,NA,0,NA,NA,NA,0,64.2,0,0,3,1
389,NA,3,4,ng,07-Jun-25,13-Jun-25,6,low,t1,10.252,10.285,4.635,4.765,0.13,0.033,11.2,11.2,6.9,0.4,4,NA,NA,NA,0.475,0.76,0.285,100,3.7,7.5,0,7.5,6.5,0,6.5,6.3,2.8,3.5,6.1,0,6.1,NA,NA,0,NA,NA,0,NA,NA,0,NA,NA,0,NA,NA,0,NA,NA,0,NA,NA,NA,2.8,27.3,0.405797101,0.118644068,3,1
390,NA,7,4,ng,06-Jun-25,12-Jun-25,6,donor,t1,10.099,10.451,4.712,4.877,0.165,0.352,118.8,117.2,11.1,0.5,4,NA,NA,NA,0.429,0.53,0.101,100,7,25.6,0,25.6,21.3,0,21.3,57,3.7,53.3,110.2,0,110.2,NA,NA,0,NA,NA,0,NA,NA,0,NA,NA,0,NA,NA,0,NA,NA,0,NA,NA,NA,3.7,217.4,0.333333333,0.017585551,4,1
391,NA,4,5,g,07-Jun-25,13-Jun-25,6,low,t1,10.25,NA,4.626,4.818,0.192,-10.25,65.3,65.3,27.9,0.5,7,NA,NA,NA,0.537,0.73,0.193,150,5.5,32.2,0,32.2,46.3,0,46.3,17.5,1.9,15.6,53.5,4.8,48.7,47.5,0,47.5,59.8,10,49.8,34,7.7,26.3,NA,NA,0,NA,NA,0,NA,NA,0,NA,NA,NA,24.4,271.9,0.874551971,0.091591592,5,1
393,HP23,5,7,g,07-Jun-25,21-Jun-25,14,high,t2,8.674,8.947,1.396,1.557,0.161,0.273,74.9,74.9,26,0.5,5,NA,NA,NA,NA,NA,0,NA,8.9,66,4.1,61.9,50.6,11.3,39.3,57.7,7.3,50.4,48.3,0.6,47.7,20.6,0.3,20.3,NA,NA,0,NA,NA,0,NA,NA,0,NA,NA,0,NA,NA,0,NA,NA,NA,23.6,228.5,0.907692308,0.107468124,4,1
395,GOT1,7,2,ng,07-Jun-25,21-Jun-25,14,low,t2,8.652,8.956,1.494,1.615,0.121,0.304,77.4,77.4,15.4,0.3,8,NA,NA,NA,NA,NA,0,NA,6,17.1,14.6,2.5,67,37.5,29.5,13,NA,13,16.5,2,14.5,71.4,36.2,35.2,8.7,NA,8.7,NA,NA,0,NA,NA,0,NA,NA,0,NA,NA,0,15.5,15.6,NA,121.4,109.4,7.883116883,1.174081238,4,1
396,NA,3,6,g,06-Jun-25,20-Jun-25,14,donor,t2,8.61,9.031,0.784,0.884,0.1,0.421,NA,0,NA,NA,0,NA,NA,NA,NA,NA,0,NA,NA,NA,NA,0,NA,NA,0,NA,NA,0,NA,NA,0,NA,NA,0,NA,NA,0,NA,NA,0,NA,NA,0,NA,NA,0,NA,NA,0,NA,NA,shoot shreddered,0,0,#DIV/0!,#DIV/0!,3,1
397,77,11,6,g,06-Jun-25,13-Aug-25,68,low,t3,10.26,NA,4.902,NA,-4.902,-10.26,9.4,0,4,0.4,1,7,8,1,0.696,0.71,0.014,NA,NA,NA,NA,0,NA,NA,0,NA,NA,0,NA,NA,0,NA,NA,0,NA,NA,0,NA,NA,0,NA,NA,0,NA,NA,0,NA,NA,0,NA,NA,"cut , small piece of leaf",0,0,0,#DIV/0!,1,2
405,4,3,4,ng,06-Jun-25,13-Aug-25,68,low,t3,0,0,4.906,NA,-4.906,0,0,0,0,0,0,2,4,0,NA,NA,0,NA,NA,NA,NA,0,NA,NA,0,NA,NA,0,NA,NA,0,NA,NA,0,NA,NA,0,NA,NA,0,NA,NA,0,NA,NA,0,NA,NA,0,NA,NA,only rhizome,0,0,#DIV/0!,#DIV/0!,0,2
406,GOT2,7,6,ng,07-Jun-25,21-Jun-25,14,low,t2,8.784,8.933,1.239,1.327,1.477,0.149,67.4,67.4,15,0.4,6,NA,NA,NA,NA,NA,0,NA,5,60,6.2,53.8,35,25.8,9.2,8.4,7.4,1,62.4,3.6,58.8,47.6,13.2,34.4,NA,NA,0,NA,NA,0,NA,NA,0,NA,NA,0,NA,NA,0,4.2,NA,NA,60.4,162.2,4.026666667,0.384223919,5,0
407,8,10,4,ng,06-Jun-25,13-Aug-25,68,low,t3,0,0,4.953,NA,0,0,0,0,0,0,0,2.6,4,0,NA,NA,NA,NA,NA,NA,NA,0,NA,NA,0,NA,NA,0,NA,NA,0,NA,NA,0,NA,NA,0,NA,NA,0,NA,NA,0,NA,NA,0,NA,NA,0,NA,NA,rhizome only,0,0,#DIV/0!,#DIV/0!,0,2
409,6,14,7,g,06-Jun-25,13-Aug-25,68,low,t3,0,0,0,0,0,0,0,0,0,0,0,8.5,6,0,NA,NA,NA,NA,NA,NA,NA,0,NA,NA,0,NA,NA,0,NA,NA,0,NA,NA,0,NA,NA,0,NA,NA,0,NA,NA,0,NA,NA,0,NA,NA,0,NA,NA,rhizome only with 1 small leaf debris,0,0,#DIV/0!,#DIV/0!,0,2
NID088,88,16,NA,ng,NA,12-Aug-25,68,high,t3,NA,NA,NA,NA,0,0.29,NA,0,NA,NA,0,NA,NA,NA,NA,NA,NA,NA,NA,NA,NA,0,NA,NA,0,NA,NA,0,NA,NA,0,NA,NA,0,NA,NA,0,NA,NA,0,NA,NA,0,NA,NA,0,NA,NA,0,NA,NA,NA,0,0,#DIV/0!,#DIV/0!,0,2
NID1,NA,8,NA,ng,06-Jun-25,12-Jun-25,NA,donor,t1,8.701,8.898,4.585,4.649,0.064,0.197,59.3,0,5,0.4,0,NA,NA,NA,0.537,0.538,0.001,160,NA,NA,NA,0,NA,NA,0,NA,NA,0,NA,NA,0,NA,NA,0,NA,NA,0,NA,NA,0,NA,NA,0,NA,NA,0,NA,NA,0,NA,NA,NA,0,0,0,#DIV/0!,4,1
NID113,113,NA,NA,g,NA,12-Aug-25,67,low,t3,NA,NA,1.458,1.474,0.016,0,NA,0,NA,NA,0,NA,NA,NA,NA,NA,0,NA,NA,NA,NA,0,NA,NA,0,NA,NA,0,NA,NA,0,NA,NA,0,NA,NA,0,NA,NA,0,NA,NA,0,NA,NA,0,NA,NA,0,NA,NA,NA,0,0,#DIV/0!,NA,NA,NA
NID2LACL,NA,4,NA,g,06-Jun-25,20-Jun-25,14,donor,t2,NA,NA,1.63,2.092,0.462,0,NA,0,NA,NA,0,NA,NA,NA,NA,NA,0,NA,NA,NA,NA,0,NA,NA,0,NA,NA,0,NA,NA,0,NA,NA,0,NA,NA,0,NA,NA,0,NA,NA,0,NA,NA,0,NA,NA,0,NA,NA,no shoot,0,0,#DIV/0!,#DIV/0!,0,2
NID3LACL,LACL,4,NA,g,06-Jun-25,20-Jun-25,14,donor,t2,8.912,9.067,NA,NA,0,0.155,NA,0,15,0.3,3,NA,NA,NA,NA,NA,0,NA,NA,NA,NA,0,NA,NA,0,NA,NA,0,NA,NA,0,NA,NA,0,NA,NA,0,NA,NA,0,NA,NA,0,NA,NA,0,NA,NA,0,NA,NA,no rhizome,0,0,0,#DIV/0!,3,1
NID3ZP62,ZP62,7,NA,ng,06-Jun-25,20-Jun-25,14,donor,t2,8.585,8.776,1.701,1.741,0.04,0.191,NA,0,27.3,0.4,4,NA,NA,NA,NA,NA,0,NA,NA,NA,NA,0,NA,NA,0,NA,NA,0,NA,NA,0,NA,NA,0,NA,NA,0,NA,NA,0,NA,NA,0,NA,NA,0,NA,NA,0,NA,NA,no rhizome,0,0,0,#DIV/0!,3,1
NID4,NA,8,NA,ng,06-Jun-25,12-Jun-25,6,donor,t1,10.18,10.246,4.849,4.864,0.015,0.066,35.6,0,16.2,0.5,0,NA,NA,NA,0.631,0.631,0,200,NA,NA,NA,0,NA,NA,0,NA,NA,0,NA,NA,0,NA,NA,0,NA,NA,0,NA,NA,0,NA,NA,0,NA,NA,0,NA,NA,0,NA,NA,NA,0,0,0,#DIV/0!,1,2
NID5,NA,3,NA,g,06-Jun-25,12-Jun-25,6,donor,t1,8.67,8.948,4.613,4.711,0.098,0.278,60.5,0,18.6,0.4,0,NA,NA,NA,0.718,0.718,0,200,NA,NA,NA,0,NA,NA,0,NA,NA,0,NA,NA,0,NA,NA,0,NA,NA,0,NA,NA,0,NA,NA,0,NA,NA,0,NA,NA,0,NA,NA,NA,0,0,0,#DIV/0!,4,1
NID88b,88,16,NA,ng,06-Jun-25,12-Aug-25,67,high,t3,10.274,NA,NA,NA,0,-10.274,NA,0,NA,NA,0,NA,NA,NA,NA,NA,NA,NA,NA,NA,NA,0,NA,NA,0,NA,NA,0,NA,NA,0,NA,NA,0,NA,NA,0,NA,NA,0,NA,NA,0,NA,NA,0,NA,NA,0,NA,NA,NA,0,0,#DIV/0!,NA,0,2
NID88c,86,16,NA,ng,06-Jun-25,12-Aug-25,67,high,t3,10.378,NA,NA,NA,0,-10.378,NA,0,NA,NA,0,NA,NA,NA,NA,NA,NA,NA,NA,NA,NA,0,NA,NA,0,NA,NA,0,NA,NA,0,NA,NA,0,NA,NA,0,NA,NA,0,NA,NA,0,NA,NA,0,NA,NA,0,NA,NA,NA,0,0,#DIV/0!,NA,0,2
NIDBRCA,NA,1,NA,g,06-Jun-25,20-Jun-25,14,donor,t1,8.568,8.688,1.452,1.54,0.088,0.12,NA,0,NA,0.5,0,NA,NA,NA,NA,NA,0,NA,NA,NA,NA,0,NA,NA,0,NA,NA,0,NA,NA,0,NA,NA,0,NA,NA,0,NA,NA,0,NA,NA,0,NA,NA,0,NA,NA,0,NA,NA,NA,0,0,#DIV/0!,#DIV/0!,1,2
NIDLACL,NA,4,NA,g,06-Jun-25,20-Jun-25,14,donor,t2,NA,NA,1.634,1.842,0.208,0,NA,0,NA,NA,0,NA,NA,NA,NA,NA,0,NA,NA,NA,NA,0,NA,NA,0,NA,NA,0,NA,NA,0,NA,NA,0,NA,NA,0,NA,NA,0,NA,NA,0,NA,NA,0,NA,NA,0,NA,NA,no shoot,0,0,#DIV/0!,#DIV/0!,0,2
NIDZP62,NA,7,NA,ng,06-Jun-25,20-Jun-25,14,donor,t2,NA,NA,1.815,1.86,0.045,0,NA,0,NA,NA,0,NA,NA,NA,NA,NA,0,NA,NA,NA,NA,0,NA,NA,0,NA,NA,0,NA,NA,0,NA,NA,0,NA,NA,0,NA,NA,0,NA,NA,0,NA,NA,0,NA,NA,0,NA,NA,no shoot,0,0,#DIV/0!,#DIV/0!,0,2
