id,t0_balde_num,g_ng,date_marked,t0_notes,imagej_length_t0,date_collected,shoot_bag_weight,shoot_plus_bag_weight,rhizome_bag_weight,rhizome_plus_bag_weight,rhizome_weight,shoot_weight,length_measured,length_calculated,length_imagej,duration,sheath_length,shoot_width,blade_number_tx,rhizome_length_5internodes,gfc_weight,gfc_weight_plus_sample,epi_weight,total_liquid,site,collection_point,tx_notes,ref_legth,b1_full,b1_new,b1_old,b2_full,b2_new,b2_old,b3_full,b3_new,b3_old,b4_full,b4_new,b4_old,b5_full,b5_new,b5_old,b6_full,b6_new,b6_old,b7_full,b7_new,b7_old,b8_full,b8_new,b9_old,b9_full,b9_new,b9_old,b10_full,b10_new,b10_old,baby_1,baby_2,notes,extention,original_length_Remaining,rgr_perday
8,4,ng,6-June-25,,,,,,,,0,0,,0,,,,,0,,,,0,,,,,,,,0,,,0,,,0,,,0,,,0,,,0,,,0,,,0,,,0,,,0,,,,0,0,#DIV/0!
9,2,ng,6-June-25,,,,,,,,0,0,,0,,,,,0,,,,0,,,,,,,,0,,,0,,,0,,,0,,,0,,,0,,,0,,,0,,,0,,,0,,,,0,0,#DIV/0!
13,6,g,6-June-25,,,,,,,,0,0,,0,,,,,0,,,,0,,,,,,,,0,,,0,,,0,,,0,,,0,,,0,,,0,,,0,,,0,,,0,,,,0,0,#DIV/0!
15,6,ng,6-June-25,,,,,,,,0,0,,0,,,,,0,,,,0,,,,,,,,0,,,0,,,0,,,0,,,0,,,0,,,0,,,0,,,0,,,0,,,,0,0,#DIV/0!
16,6,g,6-June-25,,,,,,,,0,0,,0,,,,,0,,,,0,,,,,,,,0,,,0,,,0,,,0,,,0,,,0,,,0,,,0,,,0,,,0,,,,0,0,#DIV/0!
17,8,g,7-June-25,,,21-June-25,8.607,8.59,1.432,1.531,0.099,-0.017,,33.6,,14,7.8,0.4,4,,,,0,,low,t2,,4,29.6,0.4,29.2,21.2,4,17.2,14.4,2,12.4,23,3.2,19.8,,,0,,,0,,,0,,,0,,,0,,,0,,,,9.6,82.6,0.08791208791
18,6,ng,6-June-25,,,,,,,,0,0,,0,,,,,0,,,,0,,,,,,,,0,,,0,,,0,,,0,,,0,,,0,,,0,,,0,,,0,,,0,,,,0,0,#DIV/0!
19,5,ng,7-June-25,,,13-June-25,8.68,8.977,4.711,4.745,0.034,0.297,71.1,70.2,,6,19.2,0.3,6,,0.587,0.589,0.002,50,high,t1,,9.6,60.2,0,60.2,25.4,0,25.4,60.6,0,60.6,42,0,42,43,0,43,32.8,1.1,31.7,,,0,,,0,,,0,,,0,,,,1.1,272.5,0.009548611111
20,5,ng,6-June-25,,,,,,,,0,0,,0,,,,,0,,,,0,,,,,,,,0,,,0,,,0,,,0,,,0,,,0,,,0,,,0,,,0,,,0,,,,0,0,#DIV/0!
21,5,g,6-June-25,,,,,,,,0,0,,0,,,,,0,,,,0,,,,,,,,0,,,0,,,0,,,0,,,0,,,0,,,0,,,0,,,0,,,0,,,,0,0,#DIV/0!
23,4,ng,7-June-25,,,21-June-25,,,1.499,1.52,0.021,0,,0,,14,,,0,,,,0,,high,t2,,,,,0,,,0,,,0,,,0,,,0,,,0,,,0,,,0,,,0,,,0,,,no shoot,0,0,#DIV/0!
24,5,ng,6-June-25,,,,,,,,0,0,,0,,,,,0,,,,0,,,,,,,,0,,,0,,,0,,,0,,,0,,,0,,,0,,,0,,,0,,,0,,,,0,0,#DIV/0!
25,8,g,7-June-25,,,21-June-25,8.742,8.974,1.561,1.561,0,0.232,,58,,14,15.4,0.4,6,,,,0,,low,t2,,2,44,,44,46.2,0.2,46,56,10.2,45.8,13.2,2,11.2,44.8,16.8,28,,,0,,,0,,,0,,,0,,,0,4.2,,,33.4,177,0.1549165121
27,5,g,6-June-25,,,,,,,,0,0,,0,,,,,0,,,,0,,,,,,,,0,,,0,,,0,,,0,,,0,,,0,,,0,,,0,,,0,,,0,,,,0,0,#DIV/0!
28,4,g,7-June-25,,,21-June-25,8.704,8.849,1.422,1.474,0.052,0.145,,0,,14,,,1,,,,0,,high,t2,,0,,,0,,,0,,,0,,,0,,,0,,,0,,,0,,,0,,,0,,,0,,,wrangled,0,0,#DIV/0!
29,7,g,7-June-25,,,21-June-25,8.819,8.871,8.901,9.009,0.108,0.052,,68.2,,14,13.2,0.4,6,,,,0,,low,t2,,4.4,46.4,0,46.4,53.4,3,50.4,60.8,41,19.8,63.8,18,45.8,32,15.6,16.4,,,0,,,0,,,0,,,0,,,0,10,,,87.6,183.2,0.474025974
30,5,g,7-June-25,,,21-June-25,8.905,8.987,1.476,1.576,0.1,0.082,58,57.4,,14,8,0.2,4,,,,0,,low,t2,,5,40.2,0,40.2,21.2,18.8,2.4,36.2,2.2,34,52.4,18.8,33.6,,,0,,,0,,,0,,,0,,,0,,,0,,,,39.8,115.2,0.3553571429
31,6,g,6-June-25,,,,,,,,0,0,,0,,,,,0,,,,0,,,,,,,,0,,,0,,,0,,,0,,,0,,,0,,,0,,,0,,,0,,,0,,,,0,0,#DIV/0!
32,5,ng,6-June-25,,,,,,,,0,0,,0,,,,,0,,,,0,,,,,,,,0,,,0,,,0,,,0,,,0,,,0,,,0,,,0,,,0,,,0,,,,0,0,#DIV/0!
33,6,g,6-June-25,,,,,,,,0,0,,0,,,,,0,,,,0,,,,,,,,0,,,0,,,0,,,0,,,0,,,0,,,0,,,0,,,0,,,0,,,,0,0,#DIV/0!
34,5,g,7-June-25,,,13-June-25,8.616,8.987,4.702,4.822,0.12,0.371,99.8,90.7,,6,7.1,0.4,9,,0.526,0.619,0.093,50,high,t1,,3,8.5,1.9,6.6,8.6,0,8.6,31.5,0.1,31.4,33.2,0,33.2,39.4,0,39.4,37.9,0,37.9,87.7,0,87.7,23.5,1.2,22.3,33.9,1.7,32.2,,,0,,,,4.9,302.3,0.1150234742
35,5,g,6-June-25,,,,,,,,0,0,,0,,,,,0,,,,0,,,,,,,,0,,,0,,,0,,,0,,,0,,,0,,,0,,,0,,,0,,,0,,,,0,0,#DIV/0!
36,6,g,6-June-25,,,,,,,,0,0,,0,,,,,0,,,,0,,,,,,,,0,,,0,,,0,,,0,,,0,,,0,,,0,,,0,,,0,,,0,,,,0,0,#DIV/0!
38,4,g,7-June-25,,,21-June-25,,,4.62,4.683,0.063,0,,0,,14,,,0,,,,0,,low,t2,,,,,0,,,0,,,0,,,0,,,0,,,0,,,0,,,0,,,0,,,0,,,no shoot,0,0,#DIV/0!
39,4,g,7-June-25,,,21-June-25,8.675,8.858,1.518,1.734,0.216,0.183,,0,,14,,,0,,,,0,,high,t2,,,,,0,,,0,,,0,,,0,,,0,,,0,,,0,,,0,,,0,,,0,,,dead/ mangled,0,0,#DIV/0!
41,5,g,6-June-25,,,,,,,,0,0,,0,,,,,0,,,,0,,,,,,,,0,,,0,,,0,,,0,,,0,,,0,,,0,,,0,,,0,,,0,,,,0,0,#DIV/0!
42,5,ng,6-June-25,,,,,,,,0,0,,0,,,,,0,,,,0,,,,,,,,0,,,0,,,0,,,0,,,0,,,0,,,0,,,0,,,0,,,0,,,,0,0,#DIV/0!
45,5,ng,7-June-25,,,21-June-25,8.653,8.683,,,0,0.03,,0,,14,,,0,,,,0,,low,t2,,,,,0,,,0,,,0,,,0,,,0,,,0,,,0,,,0,,,0,,,0,,,no shoot,0,0,#DIV/0!
46,7,g,6-June-25,,,,,,,,0,0,,0,,,,,0,,,,0,,,,,,,,0,,,0,,,0,,,0,,,0,,,0,,,0,,,0,,,0,,,0,,,,0,0,#DIV/0!
47,6,ng,6-June-25,,,,,,,,0,0,,0,,,,,0,,,,0,,,,,,,,0,,,0,,,0,,,0,,,0,,,0,,,0,,,0,,,0,,,0,,,,0,0,#DIV/0!
49,5,ng,7-June-25,,,13-June-25,8.571,8.929,4.708,4.743,0.035,0.358,69,0,,6,15.4,0.2,8,,0.502,0.503,0.001,75,high,t1,,,,,0,,,0,,,0,,,0,,,0,,,0,,,0,,,0,,,0,,,0,,,to ranglewd too measure,0,0,0
50,6,g,6-June-25,,,,,,,,0,0,,0,,,,,0,,,,0,,,,,,,,0,,,0,,,0,,,0,,,0,,,0,,,0,,,0,,,0,,,0,,,,0,0,#DIV/0!
51,6,ng,6-June-25,,,12-June-25,8.62,8.867,4.732,4.78,0.048,0.247,58.5,57,,6,4.5,0.5,8,,0.516,0.517,0.001,140,donor,t1,,7,10.3,1,9.3,7.2,0.6,6.6,23.8,0,23.8,23.5,0,23.5,24.5,0,24.5,9.9,0,9.9,50,0,50,24.6,1,23.6,,,0,,,0,,,,2.6,178.2,0.0962962963
52,9,g,6-June-25,,,20-June-25,,,0.7399,0.832,0.0921,0,,0,,,,,0,,,,0,,,,,,,,0,,,0,,,0,,,0,,,0,,,0,,,0,,,0,,,0,,,0,,,shredded,0,0,#DIV/0!
53,4,g,6-June-25,,,,,,,,0,0,,0,,,,,0,,,,0,,,,,,,,0,,,0,,,0,,,0,,,0,,,0,,,0,,,0,,,0,,,0,,,,0,0,#DIV/0!
55,4,ng,6-June-25,,,12-June-25,8.683,8.887,4.668,4.707,0.039,0.204,49.6,30.9,,6,17.4,0.4,4,,0.574,0.577,0.003,150,donor,t1,,2.7,12.2,0,12.2,23.5,0,23.5,28.2,0,28.2,26.7,0,26.7,,,0,,,0,,,0,,,0,,,0,,,0,,,,0,93.3,0
58,5,ng,6-June-25,,,,,,,,0,0,,0,,,,,0,,,,0,,,,,,,,0,,,0,,,0,,,0,,,0,,,0,,,0,,,0,,,0,,,0,,,,0,0,#DIV/0!
59,5,g,7-June-25,,,21-June-25,8.789,9.172,1.466,1.583,0.117,0.383,65,63.8,,14,14.8,0.4,6,,,,0,,low,t2,,5.8,40.2,0,40.2,38,0.2,37.8,51.4,0.2,51.2,24.2,3,21.2,38.8,2,36.8,58,22,36,,,0,,,0,,,0,,,0,,,,27.4,229,0.1322393822
62,5,ng,6-June-25,,,,,,,,0,0,,0,,,,,0,,,,0,,,,,,,,0,,,0,,,0,,,0,,,0,,,0,,,0,,,0,,,0,,,0,,,,0,0,#DIV/0!
63,6,g,6-June-25,,,,,,,,0,0,,0,,,,,0,,,,0,,,,,,,,0,,,0,,,0,,,0,,,0,,,0,,,0,,,0,,,0,,,0,,,,0,0,#DIV/0!
64,6,g,7-June-25,,,13-June-25,8.725,8.886,4.699,4.76,0.061,0.161,50.6,50.3,,6,11.2,0.4,6,,0.528,0.53,0.002,60,high,t1,,3.1,46,0,46,33.8,47.2,-13.4,2,0,2,36,7,29,36.2,8.8,27.4,28,0,28,,,0,,,0,,,0,,,0,,,,63,122.1,0.9375
65,7,g,6-June-25,,,,,,,,0,0,,0,,,,,0,,,,0,,,,,,,,0,,,0,,,0,,,0,,,0,,,0,,,0,,,0,,,0,,,0,,,,0,0,#DIV/0!
66,4,ng,7-June-25,,,13-June-25,8.579,8.973,4.7,4.734,0.034,0.394,98.2,97.2,,6,18.4,0.4,5,,0.53,0.535,0.005,120,high,t1,,3.6,47.3,0,47.3,40,0,40,68.4,2.9,65.5,50.1,1,49.1,93.6,0,93.6,,,0,,,0,,,0,,,0,,,0,,,,3.9,299.1,0.03532608696
67,4,g,7-June-25,,,21-June-25,8.716,9.11,2.042,2.146,0.104,0.394,64.1,64.2,,14,21.2,0.4,5,,,,0,,high,t2,,2.8,36.8,2.3,34.5,57.3,0.9,56.4,51.2,10.1,41.1,61.4,8.2,53.2,10.1,7.6,2.5,,,0,,,0,,,0,,,0,,,0,,,,29.1,190.5,0.0980458221
68,6,ng,7-June-25,,,21-June-25,8.605,8.929,1.753,2.441,0.688,0.324,118.1,118.1,,14,24.1,0.4,4,,,,0,,high,t2,,2.9,115.2,3.1,112.1,38.1,0.6,37.5,82.9,7.3,75.6,35.7,,35.7,,,0,,,0,,,0,,,0,,,0,,,0,,,,11,263.8,0.03260225252
69,6,ng,7-June-25,,,21-June-25,8.848,8.944,1.753,1.854,0.101,0.096,,0,,14,,,0,,,,0,,high,t2,,,,,0,,,0,,,0,,,0,,,0,,,0,,,0,,,0,,,0,,,0,,,just root,0,0,#DIV/0!
70,7,ng,6-June-25,,,20-June-25,8.572,8.871,1.329,1.916,0.587,0.299,,49.6,,14,16.4,0.4,6,,,,0,,donor,t2,,2.4,6.8,4,2.8,14,3.2,10.8,17.4,3.8,13.6,47.2,5.8,41.4,37.4,6.8,30.6,34.8,9.2,25.6,,,0,,,0,,,0,,,0,,,,32.8,127.2,0.1428571429
71,5,g,6-June-25,,,,,,,,0,0,,0,,,,,0,,,,0,,,,,,,,0,,,0,,,0,,,0,,,0,,,0,,,0,,,0,,,0,,,0,,,,0,0,#DIV/0!
72,3,ng,6-June-25,,,,,,,,0,0,,0,,,,,0,,,,0,,,,,,,,0,,,0,,,0,,,0,,,0,,,0,,,0,,,0,,,0,,,0,,,,0,0,#DIV/0!
73,6,ng,6-June-25,,,,,,,,0,0,,0,,,,,0,,,,0,,,,,,,,0,,,0,,,0,,,0,,,0,,,0,,,0,,,0,,,0,,,0,,,,0,0,#DIV/0!
75,5,ng,6-June-25,,,,,,,,0,0,,0,,,,,0,,,,0,,,,,,,,0,,,0,,,0,,,0,,,0,,,0,,,0,,,0,,,0,,,0,,,,0,0,#DIV/0!
76,4,g,7-June-25,,,21-June-25,,,0.757,0.814,0.057,0,,0,,14,,,0,,,,0,,high,t2,,,,,0,,,0,,,0,,,0,,,0,,,0,,,0,,,0,,,0,,,0,,,just root,0,0,#DIV/0!
77,5,g,7-June-25,,,21-June-25,8.687,8.925,1.562,1.67,0.108,0.238,,0,,14,,0.4,0,,,,0,,high,t2,,,,,0,,,0,,,0,,,0,,,0,,,0,,,0,,,0,,,0,,,0,,,shooot too wrangled,0,0,#DIV/0!
78,5,ng,7-June-25,,,21-June-25,,,1.413,1.461,0.048,0,,0,,14,,,0,,,,0,,high,t2,,,,,0,,,0,,,0,,,0,,,0,,,0,,,0,,,0,,,0,,,0,,,just root,0,0,#DIV/0!
79,6,g,7-June-25,,,13-June-25,8.634,8.771,4.713,4.782,0.069,0.137,40.2,39.5,,6,7.2,0.4,3,,0.613,0.615,0.002,50,high,t1,,1.7,13.5,0,13.5,8.7,0,8.7,37.8,0,37.8,,,0,,,0,,,0,,,0,,,0,,,0,,,0,,,,0,61.7,0
80,8,ng,6-June-25,,,,,,,,0,0,,0,,,,,0,,,,0,,,,,,,,0,,,0,,,0,,,0,,,0,,,0,,,0,,,0,,,0,,,0,,,,0,0,#DIV/0!
82,9,ng,7-June-25,,,21-June-25,8.731,9.426,0.866,1.013,0.147,0.695,80.4,80.2,,14,18,0.6,7,,,,0,,low,t2,,3.4,57.8,0,57.8,76.8,0,76.8,69.8,11.9,57.9,65.8,0,65.8,72.4,13,59.4,43.3,,43.3,,,0,,,0,,,0,,,0,3.6,,,28.5,364.4,0.1130952381
83,5,ng,6-June-25,,,,,,,,0,0,,0,,,,,0,,,,0,,,,,,,,0,,,0,,,0,,,0,,,0,,,0,,,0,,,0,,,0,,,0,,,,0,0,#DIV/0!
84,5,ng,7-June-25,,,13-June-25,10.081,10.18,4.645,4.825,0.18,0.099,,55.7,,6,16,0.5,8,,0.591,0.92,0.329,120,low,t1,,0.2,25.4,0,25.4,55.5,0,55.5,22.2,0,22.2,25,0,25,28.5,0.1,28.4,19,0.3,18.7,5.8,0,5.8,24.5,0.3,24.2,,,0,,,0,,,,0.7,205.4,0.007291666667
85,8,ng,7-June-25,,,21-June-25,8.619,8.885,1.727,1.914,0.187,0.266,,85.2,,14,15.8,0.4,7,,,,0,,low,t2,,1.2,49.6,0.4,49.2,35.4,5,30.4,75,9,66,29.6,6,23.6,77.6,11,66.6,37.6,0,37.6,84,0,84,,,0,,,0,,,0,,,,31.4,358.6,0.1419529837
86,6,g,7-June-25,,,13-June-25,,,,,0,0,,91.6,,6,15.6,0.4,8,,,,0,,high,t1,,6.2,15.8,2.9,12.9,85.4,0,85.4,20.6,0,20.6,39.5,0,39.5,39.5,7.9,31.6,76.6,0,76.6,46.8,7.9,38.9,46.1,8,38.1,,,0,,,0,,,,26.7,349.8,0.2852564103
87,6,ng,7-June-25,,,21-June-25,8.819,9.128,1.435,2.204,0.769,0.309,52.4,52.6,,14,11.2,0.7,6,,,,0,,high,t2,,1.3,9.7,0.4,9.3,34.2,,34.2,13.8,,13.8,51.3,,51.3,14.4,2.1,12.3,,,0,,,0,,,0,,,0,,,0,5.7,,,8.2,122.2,0.05229591837
88,7,ng,6-June-25,,,12-June-25,10.148,10.414,4.75,4.834,0.084,0.266,84,0,,6,,0.5,0,,0.476,0.481,0.005,250,donor,t1,,,,,0,,,0,,,0,,,0,,,0,,,0,,,0,,,0,,,0,,,0,,,too rangled/ no shoot,0,0,#DIV/0!
91,5,ng,7-June-25,,,21-June-25,8.67,9.74,1.398,1.794,0.396,1.07,,41.8,,14,10.6,0.4,7,,,,0,,low,t2,,2.8,28.9,2.2,26.7,39,3.5,35.5,37.8,10.2,27.6,22,21.2,0.8,19,13,6,32.2,20,12.2,,,0,,,0,,,0,,,0,3.2,,,73.3,111.6,0.49393531
92,7,ng,6-June-25,,,,,,,,0,0,,0,,,,,0,,,,0,,,,,,,,0,,,0,,,0,,,0,,,0,,,0,,,0,,,0,,,0,,,0,,,,0,0,#DIV/0!
93,5,g,7-June-25,,,13-June-25,10.297,,4.685,4.807,0.122,-10.297,,78.4,,6,25.5,0.3,7,,0.441,0.442,0.001,170,low,t1,,4.6,50.1,0,50.1,73.8,0,73.8,22.9,0,22.9,48.3,4.8,43.5,66,2.3,63.7,52.9,4.1,48.8,18.2,3.7,14.5,,,0,,,0,,,0,,,,14.9,321.9,0.09738562092
94,5,ng,7-June-25,,,21-June-25,8.739,9.157,1.624,1.68,0.056,0.418,42.5,0,,14,,,0,,,,0,,high,t2,,,,,0,,,0,,,0,,,0,,,0,,,0,,,0,,,0,,,0,,,0,,,fell apart/ wrangled,0,0,#DIV/0!
95,5,ng,6-June-25,,,,,,,,0,0,,0,,,,,0,,,,0,,,,,,,,0,,,0,,,0,,,0,,,0,,,0,,,0,,,0,,,0,,,0,,,,0,0,#DIV/0!
96,6,g,6-June-25,,,,,,,,0,0,,0,,,,,0,,,,0,,,,,,,,0,,,0,,,0,,,0,,,0,,,0,,,0,,,0,,,0,,,0,,,,0,0,#DIV/0!
97,5,ng,7-June-25,,,13-June-25,10.239,10.297,4.666,4.726,0.06,0.058,,59.4,,6,9.2,0.3,6,,0.604,0.605,0.001,,low,t1,,4.6,5.8,0,5.8,42.6,0,42.6,54.8,0,54.8,28.2,0.6,27.6,27.2,0,27.2,,,0,,,0,,,0,,,0,,,0,10.4,,,11,162.6,0.1992753623
98,2,g,6-June-25,,,,,,,,0,0,,0,,,,,0,,,,0,,,,,,,,0,,,0,,,0,,,0,,,0,,,0,,,0,,,0,,,0,,,0,,,,0,0,#DIV/0!
99,,ng,7-June-25,,,21-June-25,,,1.751,1.815,0.064,0,,0,,14,,,0,,,,0,,high,t2,,,,,0,,,0,,,0,,,0,,,0,,,0,,,0,,,0,,,0,,,0,,,no shoot,0,0,#DIV/0!
100,5,g,6-June-25,,,,,,,,0,0,,0,,,,,0,,,,0,,,,,,,,0,,,0,,,0,,,0,,,0,,,0,,,0,,,0,,,0,,,0,,,,0,0,#DIV/0!
101,5,g,7-June-25,,,13-June-25,8.633,,4.632,4.77,0.138,-8.633,80.4,80.7,,6,30.2,0.6,8,,0.522,0.525,0.003,230,high,t1,,3.9,75,0,75,76.8,0,76.8,3.4,0,3.4,76.4,0,76.4,10.6,4.2,6.4,45.1,6,39.1,46,6.4,39.6,64.6,1.2,63.4,,,0,,,0,,,,17.8,384,0.09823399558
102,4,g,7-June-25,,,13-June-25,10.062,10.336,4.655,4.743,0.088,0.274,,55,,6,9.7,0.4,3,,0.52,0.521,0.001,125,low,t1,,2.9,26.9,0,26.9,52.1,3.4,48.7,7.4,3.4,4,,,0,,,0,,,0,,,0,,,0,,,0,,,0,,,,6.8,82.5,0.116838488
103,5,ng,6-June-25,,,20-June-25,8.593,8.749,0.768,0.844,0.076,0.156,,48.7,,14,20.5,0.4,3,,,,0,,donor,t2,,6.9,41.8,20,21.8,21.5,19.6,1.9,38.4,19.9,18.5,,,0,,,0,,,0,,,0,,,0,,,0,,,0,,,,59.5,49.1,0.2073170732
104,6,ng,6-June-25,,,,,,,,0,0,,0,,,,,0,,,,0,,,,,,,,0,,,0,,,0,,,0,,,0,,,0,,,0,,,0,,,0,,,0,,,,0,0,#DIV/0!
105,6,g,7-June-25,,,13-June-25,8.604,9.058,4.685,4.809,0.124,0.454,70.3,69.4,,6,25.4,0.4,7,,0.601,0.602,0.001,100,high,t1,,5.2,37.4,0,37.4,44.4,0,44.4,47.2,0,47.2,29,5,24,48.1,2.8,45.3,64.2,0.1,64.1,,,0,,,0,,,0,,,0,0.7,,,8.6,267.6,0.05643044619
106,4,g,7-June-25,,,21-June-25,,,8.889,9.048,0.159,0,,0,,14,,,0,,,,0,,high,t2,,,,,0,,,0,,,0,,,0,,,0,,,0,,,0,,,0,,,0,,,0,,,just root,0,0,#DIV/0!
107,6,ng,7-June-25,,,21-June-25,8.714,8.777,1.573,1.803,0.23,0.063,41.8,54.8,,14,19.6,0.5,5,,,,0,,low,t2,,3.6,17.2,3.4,13.8,51.2,3,48.2,41.6,10,31.6,45.8,9.8,36,42.4,5.2,37.2,,,0,,,0,,,0,,5.4,-5.4,,,0,,,,36.8,165,0.1341107872
109,6,ng,6-June-25,,,,,,,,0,0,,0,,,,,0,,,,0,,,,,,,,0,,,0,,,0,,,0,,,0,,,0,,,0,,,0,,,0,,,0,,,,0,0,#DIV/0!
110,5,g,7-June-25,,61.776,21-June-25,9.017,9.338,9.126,9.313,0.187,0.321,57.3,54.8,56.463,14,12.4,0.4,6,,,,0,,low,t2,,1.6,31.5,0,31.5,34.2,0,34.2,41,0,41,53.2,19,34.2,38.8,4.1,34.7,,,0,,,0,,,0,,,0,,,0,19.4,,,42.5,177.2,0.2448156682
111,5,g,6-June-25,,,,,,,,0,0,,0,,,,,0,,,,0,,,,,,,,0,,,0,,,0,,,0,,,0,,,0,,,0,,,0,,,0,,,0,,,,0,0,#DIV/0!
112,5,ng,6-June-25,,,,,,,,0,0,,0,,,,,0,,,,0,,,,,,,,0,,,0,,,0,,,0,,,0,,,0,,,0,,,0,,,0,,,0,,,,0,0,#DIV/0!
113,4,ng,6-June-25,,,,,,,,0,0,,0,,,,,0,,,,0,,,,,,,,0,,,0,,,0,,,0,,,0,,,0,,,0,,,0,,,0,,,0,,,,0,0,#DIV/0!
114,5,g,6-June-25,,,,,,,,0,0,,0,,,,,0,,,,0,,,,,,,,0,,,0,,,0,,,0,,,0,,,0,,,0,,,0,,,0,,,0,,,,0,0,#DIV/0!
115,7,g,6-June-25,,,,,,,,0,0,,0,,,,,0,,,,0,,,,,,,,0,,,0,,,0,,,0,,,0,,,0,,,0,,,0,,,0,,,0,,,,0,0,#DIV/0!
116,5,ng,7-June-25,,,21-June-25,8.953,8.971,8.953,,-8.953,0.018,,0,,14,,,0,,,,0,,low,t2,,,,,0,,,0,,,0,,,0,,,0,,,0,,,0,,,0,,,0,,,0,,,no shoot,0,0,#DIV/0!
117,4,ng,6-June-25,,,,,,,,0,0,,0,,,,,0,,,,0,,,,,,,,0,,,0,,,0,,,0,,,0,,,0,,,0,,,0,,,0,,,0,,,,0,0,#DIV/0!
118,4,g,6-June-25,,,,,,,,0,0,,0,,,,,0,,,,0,,,,,,,,0,,,0,,,0,,,0,,,0,,,0,,,0,,,0,,,0,,,0,,,,0,0,#DIV/0!
119,4,ng,7-June-25,,,21-June-25,8.864,8.901,1.597,1.64,0.043,0.037,30.8,30.6,,14,9.4,0.3,5,,,,0,,low,t2,,3.4,16,0,16,23.2,5.4,17.8,25.8,0.2,25.6,27.2,9,18.2,9.8,9,0.8,,,0,,,0,,,0,,,0,,,0,,,,23.6,81.8,0.179331307
120,5,g,6-June-25,,,,,,,,0,0,,0,,,,,0,,,,0,,,,,,,,0,,,0,,,0,,,0,,,0,,,0,,,0,,,0,,,0,,,0,,,,0,0,#DIV/0!
121,6,g,6-June-25,,,20-June-25,,,,,0,0,,0,,,,,0,,,,0,,donor,t2,,,,,0,,,0,,,0,,,0,,,0,,,0,,,0,,,0,,,0,,,0,,,not measurable,0,0,#DIV/0!
122,6,ng,6-June-25,,,20-June-25,8.576,8.977,1.501,2.017,0.516,0.401,,65.7,,14,14.8,0.4,5,,,,0,,donor,t2,,5.5,60.2,0,60.2,44.5,0,44.5,38.2,0.4,37.8,17,6.8,10.2,52.8,8.4,44.4,,,0,,,0,,,0,,,0,,,0,,,,15.6,202.6,0.07528957529
123,5,ng,7-June-25,,,21-June-25,9,8.996,8.899,9.016,0.117,0,51,50.2,,14,10.2,0.4,4,,,,0,,low,t2,,3.2,47,1.2,45.8,38.4,3,35.4,19,2.6,16.4,,,0,,,0,,,0,,,0,,,0,,,0,,,0,6,,,12.8,100.8,0.08963585434
125,5,g,6-June-25,,,,,,,,0,0,,0,,,,,0,,,,0,,,,,,,,0,,,0,,,0,,,0,,,0,,,0,,,0,,,0,,,0,,,0,,,,0,0,#DIV/0!
126,3,g,7-June-25,,,13-June-25,8.54,8.737,4.642,4.7,0.058,0.197,30,29.7,,6,11.4,0.3,2,,0.572,0.573,0.001,50,high,t1,,6.4,19.6,0,19.6,23.3,0,23.3,,,0,,,0,,,0,,,0,,,0,,,0,,,0,,,0,,,,0,49.3,0
127,6,g,6-June-25,,,,,,,,0,0,,0,,,,,0,,,,0,,,,,,,,0,,,0,,,0,,,0,,,0,,,0,,,0,,,0,,,0,,,0,,,,0,0,#DIV/0!
128,5,g,6-June-25,,,,,,,,0,0,,0,,,,,0,,,,0,,,,,,,,0,,,0,,,0,,,0,,,0,,,0,,,0,,,0,,,0,,,0,,,,0,0,#DIV/0!
129,5,g,7-June-25,,,21-June-25,,,1.571,1.622,0.051,0,,0,,14,,,0,,,,0,,high,t2,,,,,0,,,0,,,0,,,0,,,0,,,0,,,0,,,0,,,0,,,0,,,no shoot,0,0,#DIV/0!
130,6,ng,7-June-25,,,21-June-25,8.963,,0.8,0.882,0.082,-8.963,93,87,,14,20,0.5,5,,,,0,,low,t2,,2,50,0,50,85,0,85,54.2,9.2,45,52.4,7.2,45.2,13,6.4,6.6,,,0,,,0,,,0,,,0,,,0,,,,22.8,233.8,0.08142857143
131,6,g,6-June-25,,,,,,,,0,0,,0,,,,,0,,,,0,,,,,,,,0,,,0,,,0,,,0,,,0,,,0,,,0,,,0,,,0,,,0,,,,0,0,#DIV/0!
133,7,g,6-June-25,,,,,,,,0,0,,0,,,,,0,,,,0,,,,,,,,0,,,0,,,0,,,0,,,0,,,0,,,0,,,0,,,0,,,0,,,,0,0,#DIV/0!
134,6,g,6-June-25,,,,,,,,0,0,,0,,,,,0,,,,0,,,,,,,,0,,,0,,,0,,,0,,,0,,,0,,,0,,,0,,,0,,,0,,,,0,0,#DIV/0!
135,6,g,6-June-25,,,20-June-25,8.665,9.109,0.762,0.83,0.068,0.444,,68.9,,14,22.5,0.4,6,,,,0,,donor,t2,,3.9,32.5,26.4,6.1,56.2,,56.2,60.5,50,10.5,6.6,,6.6,65,50.2,14.8,,,0,,,0,,,0,,,0,,,0,6.5,,,133.1,98.1,0.4225396825
136,4,g,6-June-25,,,,,,,,0,0,,0,,,,,0,,,,0,,,,,,,,0,,,0,,,0,,,0,,,0,,,0,,,0,,,0,,,0,,,0,,,,0,0,#DIV/0!
137,6,ng,7-June-25,,,13-June-25,8.631,,4.686,4.758,0.072,-8.631,55.3,54.2,,6,17.7,0.4,7,,0.619,0.62,0.001,20,high,t1,,3.6,39,0.7,38.3,34.2,0,34.2,46.1,0.9,45.2,44.7,3.8,40.9,35.3,2,33.3,50.6,5.9,44.7,4.9,1.5,3.4,,,0,,,0,,,0,,,,14.8,243.6,0.1393596987
138,5,ng,6-June-25,,,,,,,,0,0,,0,,,,,0,,,,0,,,,,,,,0,,,0,,,0,,,0,,,0,,,0,,,0,,,0,,,0,,,0,,,,0,0,#DIV/0!
139,4,ng,6-June-25,,,,,,,,0,0,,0,,,,,0,,,,0,,,,,,,,0,,,0,,,0,,,0,,,0,,,0,,,0,,,0,,,0,,,0,,,,0,0,#DIV/0!
140,6,g,6-June-25,,,,,,,,0,0,,0,,,,,0,,,,0,,,,,,,,0,,,0,,,0,,,0,,,0,,,0,,,0,,,0,,,0,,,0,,,,0,0,#DIV/0!
142,5,ng,7-June-25,,,13-June-25,8.696,8.989,4.727,4.83,0.103,0.293,,60.7,,6,14.8,0.5,4,,,,0,,low,t2,,5,26.4,,26.4,33.8,7.1,26.7,55.7,5.7,50,50.6,,50.6,,,0,,,0,,,0,,,0,,,0,,,0,,,,12.8,158.7,0.1441441441
144,5,g,7-June-25,,,21-June-25,8.614,8.717,1.239,1.256,0.017,0.103,,38.5,,14,8.2,0.2,3,,,,0,,low,t2,,5,33.5,,33.5,7.2,,7.2,,,0,,,0,,,0,,,0,,,0,,,0,,,0,,,0,7.5,,,7.5,45.7,0.06533101045
146,7,ng,6-June-25,,,20-June-25,8.612,8.797,1.781,1.811,0.03,0.185,42.9,0,,14,12.4,0.4,7,,,,0,,donor,t2,,,,,0,,,0,,,0,,,0,,,0,,,0,,,0,,,0,,,0,,,0,,,base too rotten to measure growth,0,0,0
149,8,ng,6-June-25,,,,,,,,0,0,,0,,,,,0,,,,0,,,,,,,,0,,,0,,,0,,,0,,,0,,,0,,,0,,,0,,,0,,,0,,,,0,0,#DIV/0!
150,7,ng,7-June-25,,,21-June-25,8.794,9.26,1.375,1.545,0.17,0.466,70.5,69.4,,14,16.6,0.4,7,,,,0,,high,t2,,2.2,46.2,,46.2,27.6,,27.6,67.2,14.2,53,36.2,4,32.2,42.2,30,12.2,34,25,9,,,0,,,0,,,0,,,0,12.2,,,85.4,182.4,0.3674698795
151,5,g,6-June-25,,,,,,,,0,0,,0,,,,,0,,,,0,,,,,,,,0,,,0,,,0,,,0,,,0,,,0,,,0,,,0,,,0,,,0,,,,0,0,#DIV/0!
152,6,g,6-June-25,,,,,,,,0,0,,0,,,,,0,,,,0,,,,,,,,0,,,0,,,0,,,0,,,0,,,0,,,0,,,0,,,0,,,0,,,,0,0,#DIV/0!
153,3,ng,7-June-25,,,21-June-25,8.975,9.241,1.622,1.679,0.057,0.266,,0,,14,10.9,0.4,0,,,,0,,low,t2,,,,,0,,,0,,,0,,,0,,,0,,,0,,,0,,,0,,,0,,,0,,,too wrangled to meseaure,0,0,0
154,3,ng,7-June-25,,,21-June-25,8.735,8.826,1.486,1.568,0.082,0.091,56,52.6,,14,12.2,0.3,6,,,,0,,low,t2,,1.6,50,31.4,18.6,27.4,0.2,27.2,30,12.8,17.2,51,14.2,36.8,17,6,11,,,0,,,0,,,0,,,0,,,0,5,,,69.6,112.4,0.4074941452
155,5,g,6-June-25,,,,,,,,0,0,,0,,,,,0,,,,0,,,,,,,,0,,,0,,,0,,,0,,,0,,,0,,,0,,,0,,,0,,,0,,,,0,0,#DIV/0!
156,6,g,6-June-25,,,20-June-25,8.917,9.838,1.65,1.81,0.16,0.921,,126,,14,23.3,0.6,7,,,,0,,donor,t2,,4,40.1,0,40.1,49.2,9.8,39.4,114.2,14.1,100.1,52.8,4.2,48.6,122,,122,95.4,,95.4,106.3,,106.3,,,0,,,0,,,0,,,,28.1,555.9,0.08614347026
157,6,g,6-June-25,,,20-June-25,8.764,9.126,1.485,1.652,0.167,0.362,,75,,14,12.2,0.5,5,,,,0,,donor,t2,,4.4,70.6,7.6,63,49,0,49,11,4.4,6.6,54,2,52,33.4,2.2,31.2,,,0,,,0,,,0,,,0,,,0,,,,16.2,206.2,0.09484777518
158,7,g,7-June-25,,,13-June-25,10.197,,4.68,"4,801","4,796",-10.197,,60.5,,6,19,0.5,8,,0.486,0.488,0.002,100,low,t1,,6.4,46.6,0,46.6,54.1,0,54.1,43.9,6.4,37.5,41.2,0,41.2,39.8,6.7,33.1,38,0,38,17,7.2,9.8,54.1,13.4,40.7,,,0,,,0,,,,33.7,307.4,0.2956140351
159,5,ng,6-June-25,,,,,,,,0,0,,0,,,,,0,,,,0,,,,,,,,0,,,0,,,0,,,0,,,0,,,0,,,0,,,0,,,0,,,0,,,,0,0,#DIV/0!
160,6,ng,6-June-25,,,,,,,,0,0,,0,,,,,0,,,,0,,,,,,,,0,,,0,,,0,,,0,,,0,,,0,,,0,,,0,,,0,,,0,,,,0,0,#DIV/0!
161,5,ng,7-June-25,,,21-June-25,8.685,8.794,1.662,1.875,0.213,0.109,,49.1,,14,7.2,0.4,4,,,,0,,low,t2,,3.4,21.6,5,16.6,20.4,7.2,13.2,14.3,,14.3,45.7,,45.7,,,0,,,0,,,0,,,0,,,0,,,0,,,,12.2,93.2,0.121031746
163,5,ng,6-June-25,,,,,,,,0,0,,0,,,,,0,,,,0,,,,,,,,0,,,0,,,0,,,0,,,0,,,0,,,0,,,0,,,0,,,0,,,,0,0,#DIV/0!
164,5,ng,6-June-25,,,,,,,,0,0,,0,,,,,0,,,,0,,,,,,,,0,,,0,,,0,,,0,,,0,,,0,,,0,,,0,,,0,,,0,,,,0,0,#DIV/0!
165,6,g,7-June-25,,,13-June-25,8.68,8.939,4.697,4.725,0.028,0.259,58.8,57.8,,6,17.7,0.4,6,,0.471,0.474,0.003,50,high,t1,,7.2,26.7,0,26.7,19,0,19,26.8,0,26.8,48.2,2.4,45.8,3.6,0,3.6,50.6,0,50.6,,,0,,,0,,,0,,,0,,,,2.4,179.7,0.02259887006
166,5,ng,7-June-25,,,13-June-25,8.613,8.85,4.712,4.765,0.053,0.237,60.6,57,,6,17.5,0.3,7,,0.646,0.648,0.002,,high,t1,150,3.1,53.9,0,53.9,50.7,0,50.7,23.9,0.5,23.4,36.6,0.9,35.7,40.7,3.1,37.6,6.8,0.2,6.6,10,3.1,6.9,,,0,,,0,,,0,,,,7.8,217.9,0.07428571429
167,6,g,6-June-25,,,20-June-25,,,,,0,0,,0,,14,,,0,,,,0,,donor,t2,,,,,0,,,0,,,0,,,0,,,0,,,0,,,0,,,0,,,0,,,0,,,not measurable,0,0,#DIV/0!
168,3,ng,6-June-25,,,,,,,,0,0,,0,,,,,0,,,,0,,,,,,,,0,,,0,,,0,,,0,,,0,,,0,,,0,,,0,,,0,,,0,,,,0,0,#DIV/0!
169,5,g,7-June-25,,,21-June-25,8.782,8.916,1.54,1.558,0.018,0.134,,0,,14,,,0,,,,0,,low,t2,,,,,0,,,0,,,0,,,0,,,0,,,0,,,0,,,0,,,0,,,0,,,too  damaged,0,0,#DIV/0!
170,6,ng,7-June-25,,,21-June-25,8.725,9.084,1.515,1.673,0.158,0.359,,68.2,,14,11,0.5,6,,,,0,,low,t2,,2.2,28.7,0.6,28.1,43.8,0.5,43.3,66,1.2,64.8,26,9.7,16.3,41,14.6,26.4,21.2,7.9,13.3,,,0,,,0,,,0,,,0,,,,34.5,194.4,0.224025974
171,6,ng,6-June-25,,,,,,,,0,0,,0,,,,,0,,,,0,,,,,,,,0,,,0,,,0,,,0,,,0,,,0,,,0,,,0,,,0,,,0,,,,0,0,#DIV/0!
172,8,g,6-June-25,,,,,,,,0,0,,0,,,,,0,,,,0,,,,,,,,0,,,0,,,0,,,0,,,0,,,0,,,0,,,0,,,0,,,0,,,,0,0,#DIV/0!
173,5,g,6-June-25,,,,,,,,0,0,,0,,,,,0,,,,0,,,,,,,,0,,,0,,,0,,,0,,,0,,,0,,,0,,,0,,,0,,,0,,,,0,0,#DIV/0!
174,6,g,7-June-25,,,21-June-25,8.943,9.287,0.798,0.852,0.054,0.344,73.9,74,,14,14.4,0.5,4,,,,0,,low,t2,,3.9,67.4,0,67.4,30,23.4,6.6,36.8,22.8,14,70.1,6.3,63.8,,,0,,,0,,,0,,,0,,,0,,,0,,,,52.5,155.7,0.2604166667
175,4,ng,6-June-25,,,12-June-25,8.571,8.997,4.773,4.823,0.05,0.426,148.8,147.4,,6,17,0.4,5,,0.506,0.51,0.004,330,donor,t1,,5.4,85.4,0,85.4,59.4,3,56.4,109.8,2.6,107.2,142,0.2,141.8,16.3,0,16.3,,,0,,,0,,,0,,,0,,,0,,,,5.8,412.5,0.0568627451
176,7,ng,6-June-25,,,20-June-25,8.725,9.084,1.515,1.673,0.158,0.359,,0,,14,11,0.5,0,,,,0,,low,t2,,,,,0,,,0,,,0,,,0,,,0,,,0,,,0,,,0,,,0,,,0,,,,0,0,0
178,5,g,7-June-25,,,13-June-25,8.577,,4.713,4.812,0.099,-8.577,58.1,62.4,,6,19.4,0.4,7,,0.521,0.521,0,25,high,t1,,3.4,34.5,0,34.5,26.3,0,26.3,30.4,0,30.4,54.5,0,54.5,40,0.1,39.9,51.4,0.1,51.3,59,0.7,58.3,,,0,,,0,,,0,,,,0.9,298.6,0.007731958763
179,6,ng,6-June-25,,,,,,,,0,0,,0,,,,,0,,,,0,,,,,,,,0,,,0,,,0,,,0,,,0,,,0,,,0,,,0,,,0,,,0,,,,0,0,#DIV/0!
180,4,ng,6-June-25,,,,,,,,0,0,,0,,,,,0,,,,0,,,,,,,,0,,,0,,,0,,,0,,,0,,,0,,,0,,,0,,,0,,,0,,,,0,0,#DIV/0!
181,6,ng,7-June-25,,,13-June-25,8.597,8.81,4.764,4.782,0.018,0.213,45.4,47,,6,15.9,0.3,5,,0.527,0.529,0.002,90,high,t1,,2.8,36.5,0,36.5,37.2,0.5,36.7,25.9,1.6,24.3,44.2,7.6,36.6,38.7,6.1,32.6,,,0,,,0,,,0,,,0,,,0,,,,15.8,169.5,0.1656184486
182,3,ng,6-June-25,,,,,,,,0,0,,0,,,,,0,,,,0,,,,,,,,0,,,0,,,0,,,0,,,0,,,0,,,0,,,0,,,0,,,0,,,,0,0,#DIV/0!
183,5,ng,7-June-25,,,21-June-25,8.726,8.935,1.362,1.472,0.11,0.209,46.4,46.2,,14,9.4,0.4,4,,,,0,,high,t2,,4,36,9.2,26.8,42.2,7.9,34.3,21.2,5.2,16,40.4,1.2,39.2,,,0,,,0,,,0,,,0,,,0,,,0,,,,23.5,120.3,0.1785714286
184,6,ng,6-June-25,,,,,,,,0,0,,0,,,,,0,,,,0,,,,,,,,0,,,0,,,0,,,0,,,0,,,0,,,0,,,0,,,0,,,0,,,,0,0,#DIV/0!
185,6,g,7-June-25,,,21-June-25,8.623,9.63,1.496,1.527,0.031,1.007,,0,,14,9.5,0.3,0,,,,0,,high,t2,,,,,0,,,0,,,0,,,0,,,0,,,0,,,0,,,0,,,0,,,0,,,shoot too wrangled,0,0,0
186,5,g,6-June-25,,,,,,,,0,0,,0,,,,,0,,,,0,,,,,,,,0,,,0,,,0,,,0,,,0,,,0,,,0,,,0,,,0,,,0,,,,0,0,#DIV/0!
187,5,g,6-June-25,,,20-June-25,,,0.65,0.704,0.054,0,,0,,14,,,0,,,,0,,donor,t2,,,,,0,,,0,,,0,,,0,,,0,,,0,,,0,,,0,,,0,,,0,,,shoot dead,0,0,#DIV/0!
188,5,ng,7-June-25,,,21-June-25,9.034,,0.709,0.756,0.047,-9.034,48,48.2,,14,12,0.3,5,,,,0,,low,t2,,4.8,22,0,22,43.4,6.8,36.6,8.6,5.4,3.2,31,0,31,16,1.2,14.8,,,0,,,0,,,0,,,0,,,0,,,,13.4,112.4,0.07976190476
189,8,g,7-June-25,,,21-June-25,8.72,8.738,1.316,1.71,0.394,0.018,,58.6,,14,15.2,0.4,6,,,,0,,low,t2,,3.4,29,,29,55.2,49.6,5.6,38,32.5,5.5,24,18.2,5.8,41.2,14,27.2,,,0,,,0,,,0,,,0,,,0,9.8,,,124.1,76.5,0.5831766917
190,5,g,6-June-25,,,,,,,,0,0,,0,,,,,0,,,,0,,,,,,,,0,,,0,,,0,,,0,,,0,,,0,,,0,,,0,,,0,,,0,,,,0,0,#DIV/0!
191,7,ng,7-June-25,,,13-June-25,10.136,,4.631,4.808,0.177,-10.136,52,51.4,,6,19.4,0.3,8,,0.491,0.492,0.001,150,low,t1,,5.2,21.2,0,21.2,20,6,14,46.2,0,46.2,4.8,0,4.8,29.4,9.2,20.2,32.4,6.8,25.6,34.8,10.2,24.6,,,0,,,0,,,0,1,,,33.2,161.8,0.2852233677
192,6,ng,7-June-25,,,21-June-25,8.745,9.284,1.228,1.408,0.18,0.539,67.1,68,,14,15.7,0.5,7,,,,0,,high,t2,,6.6,18.4,0.2,18.2,52.6,0.7,51.9,61.4,25.1,36.3,38.1,24.8,13.3,49.8,,49.8,44,29.2,14.8,43.1,33.1,10,,,0,,,0,,,0,,,double shoot?,113.1,200.9,0.5145586897
193,4,ng,6-June-25,,,,,,,,0,0,,0,,,,,0,,,,0,,,,,,,,0,,,0,,,0,,,0,,,0,,,0,,,0,,,0,,,0,,,0,,,,0,0,#DIV/0!
196,7,ng,6-June-25,,,,,,,,0,0,,0,,,,,0,,,,0,,,,,,,,0,,,0,,,0,,,0,,,0,,,0,,,0,,,0,,,0,,,0,,,,0,0,#DIV/0!
197,5,g,7-June-25,,,13-June-25,8.563,8.742,4.67,4.804,0.134,0.179,70,69.4,,6,18.6,0.4,5,,0.573,0.575,0.002,200,high,t1,,5.6,48.4,0,48.4,43.4,0.3,43.1,63.8,9.6,54.2,34.6,10.6,24,58.8,4.8,54,,,0,,,0,,,0,,,0,,,0,,,,25.3,229.3,0.226702509
198,5,g,6-June-25,,,,,,,,0,0,,0,,,,,0,,,,0,,,,,,,,0,,,0,,,0,,,0,,,0,,,0,,,0,,,0,,,0,,,0,,,,0,0,#DIV/0!
199,6,g,7-June-25,,,13-June-25,8.68,8.896,4.724,4.829,0.105,0.216,56,64.4,,6,17.1,0.4,2,,0.544,0.545,0.001,75,high,t1,,6.2,49.4,0,49.4,58.2,0,58.2,,,0,,,0,,,0,,,0,,,0,,,0,,,0,,,0,,,,0,113.8,0
200,4,g,6-June-25,,,,,,,,0,0,,0,,,,,0,,,,0,,,,,,,,0,,,0,,,0,,,0,,,0,,,0,,,0,,,0,,,0,,,0,,,,0,0,#DIV/0!
201,5,ng,6-June-25,,,,,,,,0,0,,0,,,,,0,,,,0,,,,,,,,0,,,0,,,0,,,0,,,0,,,0,,,0,,,0,,,0,,,0,,,,0,0,#DIV/0!
203,6,g,7-June-25,,,21-June-25,8.657,8.816,1.819,1.823,0.004,0.159,34.6,22.7,,14,4.3,0.3,1,,,,0,,low,t2,,3.5,19.2,4.1,15.1,,,0,,,0,,,0,,,0,,,0,,,0,,,0,,,0,,,0,,,,4.1,18.6,0.06810631229
204,6,ng,6-June-25,,,,,,,,0,0,,0,,,,,0,,,,0,,,,,,,,0,,,0,,,0,,,0,,,0,,,0,,,0,,,0,,,0,,,0,,,,0,0,#DIV/0!
205,3,ng,6-June-25,only 4 internodes,,,,,,,0,0,,0,,,,,0,,,,0,,,,,,,,0,,,0,,,0,,,0,,,0,,,0,,,0,,,0,,,0,,,0,,,,0,0,#DIV/0!
206,10,g,7-June-25,,,21-June-25,8.712,9.04,1.712,1.796,0.084,0.328,56.2,100,,14,16.8,0.4,6,,,,0,,high,t2,,4,88.5,,88.5,96,24.5,71.5,33.4,,33.4,51.5,11.2,40.3,82.5,20,62.5,34,12,22,,,0,,,0,,,0,,,0,,,*,67.7,322.2,0.2878401361
207,5,g,7-June-25,,,21-June-25,,,1.419,1.491,0.072,0,,0,,14,,,0,,,,0,,high,t2,,,,,0,,,0,,,0,,,0,,,0,,,0,,,0,,,0,,,0,,,0,,,no  shoot,0,0,#DIV/0!
208,5,g,6-June-25,,,,,,,,0,0,,0,,,,,0,,,,0,,,,,,,,0,,,0,,,0,,,0,,,0,,,0,,,0,,,0,,,0,,,0,,,,0,0,#DIV/0!
209,8,g,6-June-25,,,,,,,,0,0,,0,,,,,0,,,,0,,,,,,,,0,,,0,,,0,,,0,,,0,,,0,,,0,,,0,,,0,,,0,,,,0,0,#DIV/0!
210,5,g,6-June-25,,,,,,,,0,0,,0,,,,,0,,,,0,,,,,,,,0,,,0,,,0,,,0,,,0,,,0,,,0,,,0,,,0,,,0,,,,0,0,#DIV/0!
211,5,ng,6-June-25,,,,,,,,0,0,,0,,,,,0,,,,0,,,,,,,,0,,,0,,,0,,,0,,,0,,,0,,,0,,,0,,,0,,,0,,,,0,0,#DIV/0!
212,5,ng,6-June-25,,,,,,,,0,0,,0,,,,,0,,,,0,,,,,,,,0,,,0,,,0,,,0,,,0,,,0,,,0,,,0,,,0,,,0,,,,0,0,#DIV/0!
213,5,ng,6-June-25,,,,,,,,0,0,,0,,,,,0,,,,0,,,,,,,,0,,,0,,,0,,,0,,,0,,,0,,,0,,,0,,,0,,,0,,,,0,0,#DIV/0!
214,6,g,6-June-25,,,12-June-25,10.046,10.186,4.788,4.833,0.045,0.14,46.9,43.1,,6,3.8,0.3,4,,0.506,0.507,0.001,50,donor,t1,,8.5,13.5,1.1,12.4,34.6,0,34.6,6.1,0,6.1,7.5,0,7.5,,,0,,,0,,,0,,,0,,,0,,,0,,,,1.1,69.1,0.04824561404
215,4,g,6-June-25,,,,,,,,0,0,,0,,,,,0,,,,0,,,,,,,,0,,,0,,,0,,,0,,,0,,,0,,,0,,,0,,,0,,,0,,,,0,0,#DIV/0!
216,6,g,6-June-25,,,,,,,,0,0,,0,,,,,0,,,,0,,,,,,,,0,,,0,,,0,,,0,,,0,,,0,,,0,,,0,,,0,,,0,,,,0,0,#DIV/0!
217,5,g,6-June-25,,,,,,,,0,0,,0,,,,,0,,,,0,,,,,,,,0,,,0,,,0,,,0,,,0,,,0,,,0,,,0,,,0,,,0,,,,0,0,#DIV/0!
218,7,ng,7-June-25,,,21-June-25,,,1.579,1.767,0.188,0,,0,,14,,,0,,,,0,,low,t2,,,,,0,,,0,,,0,,,0,,,0,,,0,,,0,,,0,,,0,,,0,,,"no shoot, ripped off",0,0,#DIV/0!
219,6,g,6-June-25,,,20-June-25,8.811,8.854,,,0,0.043,,0,,14,2.8,0.3,1,,,,0,,donor,t2,,,,,0,,,0,,,0,,,0,,,0,,,0,,,0,,,0,,,0,,,0,,,"broken on both sides, no rhizome",0,0,0
220,3,g,6-June-25,,,,,,,,0,0,,0,,,,,0,,,,0,,,,,,,,0,,,0,,,0,,,0,,,0,,,0,,,0,,,0,,,0,,,0,,,,0,0,#DIV/0!
221,5,g,6-June-25,,,,,,,,0,0,,0,,,,,0,,,,0,,,,,,,,0,,,0,,,0,,,0,,,0,,,0,,,0,,,0,,,0,,,0,,,,0,0,#DIV/0!
222,4,ng,6-June-25,,,,,,,,0,0,,0,,,,,0,,,,0,,,,,,,,0,,,0,,,0,,,0,,,0,,,0,,,0,,,0,,,0,,,0,,,,0,0,#DIV/0!
223,4,g,7-June-25,,,21-June-25,8.943,9.705,1.6,1.921,0.321,0.762,,96.3,,14,18.8,0.6,7,,,,0,,low,t2,,1.4,70,1.5,68.5,86.3,,86.3,89.8,2.8,87,52.8,3.8,49,94.9,,94.9,,,0,,,0,,,0,,,0,,,0,9.7,3,,20.8,387.1,0.07902735562
224,5,g,6-June-25,,,,,,,,0,0,,0,,,,,0,,,,0,,,,,,,,0,,,0,,,0,,,0,,,0,,,0,,,0,,,0,,,0,,,0,,,,0,0,#DIV/0!
225,7,g,7-June-25,,,13-June-25,9.87,10.117,4.648,4.712,0.064,0.247,,128.8,,6,29,0.4,6,,0.595,0.598,0.003,200,low,t1,,6.3,122.5,0.2,122.3,57,0,57,31.2,0,31.2,21.2,6.6,14.6,80,8.8,71.2,102.3,7.9,94.4,,,0,,,0,,,0,,,0,,,,23.5,397,0.1350574713
226,6,ng,6-June-25,,,,,,,,0,0,,0,,,,,0,,,,0,,,,,,,,0,,,0,,,0,,,0,,,0,,,0,,,0,,,0,,,0,,,0,,,,0,0,#DIV/0!
227,5,ng,6-June-25,,,,,,,,0,0,,0,,,,,0,,,,0,,,,,,,,0,,,0,,,0,,,0,,,0,,,0,,,0,,,0,,,0,,,0,,,,0,0,#DIV/0!
228,4,g,6-June-25,,,,,,,,0,0,,0,,,,,0,,,,0,,,,,,,,0,,,0,,,0,,,0,,,0,,,0,,,0,,,0,,,0,,,0,,,,0,0,#DIV/0!
229,7,ng,6-June-25,,,,,,,,0,0,,0,,,,,0,,,,0,,,,,,,,0,,,0,,,0,,,0,,,0,,,0,,,0,,,0,,,0,,,0,,,,0,0,#DIV/0!
230,7,g,6-June-25,,,,,,,,0,0,,0,,,,,0,,,,0,,,,,,,,0,,,0,,,0,,,0,,,0,,,0,,,0,,,0,,,0,,,0,,,,0,0,#DIV/0!
231,5,g,6-June-25,,,,,,,,0,0,,0,,,,,0,,,,0,,,,,,,,0,,,0,,,0,,,0,,,0,,,0,,,0,,,0,,,0,,,0,,,,0,0,#DIV/0!
232,5,ng,7-June-25,,,21-June-25,,,,,0,0,,28.3,,14,5,0.3,3,,,,0,,low,t2,,1.4,26.9,4.1,22.8,15.7,6.3,9.4,21.3,0.2,21.1,,,0,,,0,,,0,,,0,,,0,,,0,,,0,,,,10.6,54.7,0.1514285714
233,4,ng,6-June-25,,,,,,,,0,0,,0,,,,,0,,,,0,,,,,,,,0,,,0,,,0,,,0,,,0,,,0,,,0,,,0,,,0,,,0,,,,0,0,#DIV/0!
234,4,g,6-June-25,,,12-June-25,8.622,8.739,4.65,4.706,0.056,0.117,16.7,0,,6,6.7,0.4,0,,0.615,0.616,0.001,180,donor,t1,,,,,0,,,0,,,0,,,0,,,0,,,0,,,0,,,0,,,0,,,0,,,too rangled for measurment ,0,0,0
235,7,g,6-June-25,,,,,,,,0,0,,0,,,,,0,,,,0,,,,,,,,0,,,0,,,0,,,0,,,0,,,0,,,0,,,0,,,0,,,0,,,,0,0,#DIV/0!
236,6,ng,6-June-25,,,20-June-25,8.658,8.898,1.419,1.648,0.229,0.24,,38,,14,14.2,0.4,8,,,,0,,donor,t2,,2,8.9,3,5.9,11.7,4.6,7.1,19,5,14,36,7,29,11.4,9.4,2,29.2,10.8,18.4,27.4,5,22.4,,,0,,,0,,,0,4.4,,,49.2,100.8,0.2474849095
237,4,g,6-June-25,,,,,,,,0,0,,0,,,,,0,,,,0,,,,,,,,0,,,0,,,0,,,0,,,0,,,0,,,0,,,0,,,0,,,0,,,,0,0,#DIV/0!
238,7,g,6-June-25,,,,,,,,0,0,,0,,,,,0,,,,0,,,,,,,,0,,,0,,,0,,,0,,,0,,,0,,,0,,,0,,,0,,,0,,,,0,0,#DIV/0!
240,6,ng,6-June-25,,,12-June-25,10.121,10.241,4.761,4.775,0.014,0.12,61.4,0,,6,2.2,0.4,0,,0.516,0.516,0,60,donor,t1,,,,,0,,,0,,,0,,,0,,,0,,,0,,,0,,,0,,,0,,,0,,,,0,0,0
241,5,ng,6-June-25,,,,,,,,0,0,,0,,,,,0,,,,0,,,,,,,,0,,,0,,,0,,,0,,,0,,,0,,,0,,,0,,,0,,,0,,,,0,0,#DIV/0!
242,6,ng,7-June-25,,,21-June-25,8.675,9.137,1.454,1.553,0.099,0.462,91.7,92,,14,22.1,0.4,6,,,,0,,high,t2,,3.4,60.7,,60.7,69.8,,69.8,88.6,0.6,88,48.8,6.7,42.1,83.1,2.4,80.7,15.9,8.4,7.5,,,0,,,0,,,0,,,0,,,,18.1,352.2,0.05850032321
243,4,ng,6-June-25,,,,,,,,0,0,,0,,,,,0,,,,0,,,,,,,,0,,,0,,,0,,,0,,,0,,,0,,,0,,,0,,,0,,,0,,,,0,0,#DIV/0!
244,5,ng,7-June-25,,,13-June-25,10.075,10.337,4.748,4.791,0.043,0.262,,65.3,,6,9.2,0.4,6,,0.514,0.516,0.002,150,low,t1,,2.6,34.4,2.1,32.3,47.4,0,47.4,62.7,3.4,59.3,36.5,8.3,28.2,27.3,12.6,14.7,39.3,2.2,37.1,,,0,,,0,,,0,,,0,,,,28.6,221.6,0.518115942
245,4,g,6-June-25,,,,,,,,0,0,,0,,,,,0,,,,0,,,,,,,,0,,,0,,,0,,,0,,,0,,,0,,,0,,,0,,,0,,,0,,,,0,0,#DIV/0!
246,4,ng,6-June-25,,,,,,,,0,0,,0,,,,,0,,,,0,,,,,,,,0,,,0,,,0,,,0,,,0,,,0,,,0,,,0,,,0,,,0,,,,0,0,#DIV/0!
247,6,ng,7-June-25,,,21-June-25,8.706,,1.226,1.311,0.085,-8.706,,0,,14,,,0,,,,0,,high,t2,,,,,0,,,0,,,0,,,0,,,0,,,0,,,0,,,0,,,0,,,0,,,no shoot,0,0,#DIV/0!
248,4,g,6-June-25,,,,,,,,0,0,,0,,,,,0,,,,0,,,,,,,,0,,,0,,,0,,,0,,,0,,,0,,,0,,,0,,,0,,,0,,,,0,0,#DIV/0!
249,6,g,6-June-25,,,20-June-25,,,,,0,0,,0,,,,,0,,,,0,,donor,t2,,,,,0,,,0,,,0,,,0,,,0,,,0,,,0,,,0,,,0,,,0,,,not measurable,0,0,#DIV/0!
250,6,ng,7-June-25,,,21-June-25,8.746,8.923,1.537,1.707,0.17,0.177,70,69.8,,14,6.2,0.4,5,,,,0,,low,t2,,6.8,63,0,63,37,0,37,60,1.4,58.6,46,10,36,45,10,35,,,0,,,0,,,0,,,0,,,0,,,,21.4,236.4,0.2465437788
251,6,ng,7-June-25,,,13-June-25,10.245,,4.685,4.813,0.128,-10.245,,86.3,,6,20.4,0.5,8,,0.497,0.499,0.002,90,low,t1,,5.9,73.6,0,73.6,31.4,5.7,25.7,34.5,0,34.5,75.8,4,71.8,76.6,8.8,67.8,18.7,1.4,17.3,80.4,0,80.4,31.4,0,31.4,,,0,,,0,,,,19.9,408.4,0.1625816993
253,4,ng,7-June-25,,,21-June-25,,,,,0,0,,0,,14,,,0,,,,0,,low,t2,,,,,0,,,0,,,0,,,0,,,0,,,0,,,0,,,0,,,0,,,0,,,no plant or root,0,0,#DIV/0!
254,4,g,6-June-25,,,,,,,,0,0,,0,,,,,0,,,,0,,,,,,,,0,,,0,,,0,,,0,,,0,,,0,,,0,,,0,,,0,,,0,,,,0,0,#DIV/0!
255,4,ng,6-June-25,,,,,,,,0,0,,0,,,,,0,,,,0,,,,,,,,0,,,0,,,0,,,0,,,0,,,0,,,0,,,0,,,0,,,0,,,,0,0,#DIV/0!
256,5,ng,7-June-25,,,21-June-25,8.962,9.276,1.548,1.683,0.135,0.314,,43.8,,14,12.9,0.4,7,,,,0,,low,t2,,2.4,22.4,10,12.4,34,7,27,7.9,5.4,2.5,41.4,8,33.4,36.8,16,20.8,19.2,13.5,5.7,,,0,,,0,,,0,,,0,5.2,,,65.1,104.2,0.3604651163
257,6,g,7-June-25,,,21-June-25,8.982,9.677,9.17,9.229,0.059,0.695,85.2,85.2,,14,27.9,0.6,6,,,,0,,low,t2,,3.6,53.6,0,53.6,59.1,0,59.1,58,8.6,49.4,81.6,14.6,67,73,0.2,72.8,49.1,10,39.1,,,0,,,0,,,0,,,0,,,,33.4,344.6,0.08550947261
258,6,ng,6-June-25,,,,,,,,0,0,,0,,,,,0,,,,0,,,,,,,,0,,,0,,,0,,,0,,,0,,,0,,,0,,,0,,,0,,,0,,,,0,0,#DIV/0!
259,5,ng,6-June-25,,,,,,,,0,0,,0,,,,,0,,,,0,,,,,,,,0,,,0,,,0,,,0,,,0,,,0,,,0,,,0,,,0,,,0,,,,0,0,#DIV/0!
260,6,g,6-June-25,,,,,,,,0,0,,0,,,,,0,,,,0,,,,,,,,0,,,0,,,0,,,0,,,0,,,0,,,0,,,0,,,0,,,0,,,,0,0,#DIV/0!
261,7,ng,7-June-25,,,21-June-25,8.582,8.935,1.437,,-1.437,0.353,87.7,77.9,,14,14.1,0.4,7,,,,0,,high,t2,,4.4,26.7,,26.7,48.6,0.2,48.4,57.6,1.2,56.4,73.5,7.9,65.6,41.7,21.9,19.8,40.6,21.3,19.3,,,0,,,0,,,0,,,0,,3.8,,56.3,240.6,0.2852077001
262,4,ng,7-June-25,,,21-June-25,,,9.059,9.191,0.132,0,,0,,14,,,0,,,,0,,low,t2,just 1 little leaf,,,,0,,,0,,,0,,,0,,,0,,,0,,,0,,,0,,,0,,,0,,,no shoot,0,0,#DIV/0!
263,9,g,6-June-25,,,12-June-25,10.217,10.426,4.603,4.777,0.174,0.209,,0,,6,9.9,0.5,0,,0.475,0.476,0.001,130,low,t1,,,,,0,,,0,,,0,,,0,,,0,,,0,,,0,,,0,,,0,,,0,,,,0,0,0
264,6,g,6-June-25,,,,,,,,0,0,,0,,,,,0,,,,0,,,,,,,,0,,,0,,,0,,,0,,,0,,,0,,,0,,,0,,,0,,,0,,,,0,0,#DIV/0!
265,6,g,6-June-25,,,,,,,,0,0,,0,,,,,0,,,,0,,,,,,,,0,,,0,,,0,,,0,,,0,,,0,,,0,,,0,,,0,,,0,,,,0,0,#DIV/0!
266,7,ng,6-June-25,,,,,,,,0,0,,0,,,,,0,,,,0,,,,,,,,0,,,0,,,0,,,0,,,0,,,0,,,0,,,0,,,0,,,0,,,,0,0,#DIV/0!
267,4,g,6-June-25,,,,,,,,0,0,,0,,,,,0,,,,0,,,,,,,,0,,,0,,,0,,,0,,,0,,,0,,,0,,,0,,,0,,,0,,,,0,0,#DIV/0!
268,4,g,6-June-25,,,,,,,,0,0,,0,,,,,0,,,,0,,,,,,,,0,,,0,,,0,,,0,,,0,,,0,,,0,,,0,,,0,,,0,,,,0,0,#DIV/0!
269,6,ng,6-June-25,,,20-June-25,8.74,9.072,1.246,1.329,0.083,0.332,,64.2,,14,13.2,0.4,6,,,,0,,donor,t2,,5.2,5,4,1,11,7,4,10,3.2,6.8,14.8,10.2,4.6,59,5.8,53.2,38,25.2,12.8,,,0,,,0,,,0,,,0,,,,55.4,87.6,0.2997835498
270,5,g,6-June-25,,,,,,,,0,0,,0,,,,,0,,,,0,,,,,,,,0,,,0,,,0,,,0,,,0,,,0,,,0,,,0,,,0,,,0,,,,0,0,#DIV/0!
271,6,g,6-June-25,,,,,,,,0,0,,0,,,,,0,,,,0,,,,,,,,0,,,0,,,0,,,0,,,0,,,0,,,0,,,0,,,0,,,0,,,,0,0,#DIV/0!
272,5,g,6-June-25,,,,,,,,0,0,,0,,,,,0,,,,0,,,,,,,,0,,,0,,,0,,,0,,,0,,,0,,,0,,,0,,,0,,,0,,,,0,0,#DIV/0!
273,,g,7-June-25,,,21-June-25,8.931,,8.92,,-8.92,-8.931,82.8,83.2,,14,17,0.4,6,,,,0,,low,t2,,6,48,0,48,77.2,9.6,67.6,56,0,56,23.8,16.4,7.4,65.8,19.6,46.2,,,0,,,0,,,0,,,0,,,0,2.2,,,47.8,231.2,0.2008403361
274,7,ng,6-June-25,,,,,,,,0,0,,0,,,,,0,,,,0,,,,,,,,0,,,0,,,0,,,0,,,0,,,0,,,0,,,0,,,0,,,0,,,,0,0,#DIV/0!
275,6,g,6-June-25,,,,,,,,0,0,,0,,,,,0,,,,0,,,,,,,,0,,,0,,,0,,,0,,,0,,,0,,,0,,,0,,,0,,,0,,,,0,0,#DIV/0!
276,4,ng,6-June-25,,,,,,,,0,0,,0,,,,,0,,,,0,,,,,,,,0,,,0,,,0,,,0,,,0,,,0,,,0,,,0,,,0,,,0,,,,0,0,#DIV/0!
277,6,ng,7-June-25,,,21-June-25,8.726,8.882,1.556,1.655,0.099,0.156,,0,,14,,,0,,,,0,,high,t2,,,,,0,,,0,,,0,,,0,,,0,,,0,,,0,,,0,,,0,,,0,,,dead,0,0,#DIV/0!
278,5,g,6-June-25,,,,,,,,0,0,,0,,,,,0,,,,0,,,,,,,,0,,,0,,,0,,,0,,,0,,,0,,,0,,,0,,,0,,,0,,,,0,0,#DIV/0!
279,5,ng,6-June-25,,,,,,,,0,0,,0,,,,,0,,,,0,,,,,,,,0,,,0,,,0,,,0,,,0,,,0,,,0,,,0,,,0,,,0,,,,0,0,#DIV/0!
280,10,g,6-June-25,,,,,,,,0,0,,0,,,,,0,,,,0,,,,,,,,0,,,0,,,0,,,0,,,0,,,0,,,0,,,0,,,0,,,0,,,,0,0,#DIV/0!
281,3,ng,6-June-25,,,,,,,,0,0,,0,,,,,0,,,,0,,,,,,,,0,,,0,,,0,,,0,,,0,,,0,,,0,,,0,,,0,,,0,,,,0,0,#DIV/0!
282,5,g,6-June-25,,,,,,,,0,0,,0,,,,,0,,,,0,,,,,,,,0,,,0,,,0,,,0,,,0,,,0,,,0,,,0,,,0,,,0,,,,0,0,#DIV/0!
283,4,g,6-June-25,,,,,,,,0,0,,0,,,,,0,,,,0,,,,,,,,0,,,0,,,0,,,0,,,0,,,0,,,0,,,0,,,0,,,0,,,,0,0,#DIV/0!
284,5,ng,6-June-25,,,,,,,,0,0,,0,,,,,0,,,,0,,,,,,,,0,,,0,,,0,,,0,,,0,,,0,,,0,,,0,,,0,,,0,,,,0,0,#DIV/0!
285,5,ng,6-June-25,,,,,,,,0,0,,0,,,,,0,,,,0,,,,,,,,0,,,0,,,0,,,0,,,0,,,0,,,0,,,0,,,0,,,0,,,,0,0,#DIV/0!
286,5,ng,7-June-25,,,21-June-25,,,0.756,0.772,0.016,0,,0,,,,,0,,,,0,,low,t2,,,,,0,,,0,,,0,,,0,,,0,,,0,,,0,,,0,,,0,,,0,,,only root,0,0,#DIV/0!
287,4,ng,6-June-25,,,,,,,,0,0,,0,,,,,0,,,,0,,,,,,,,0,,,0,,,0,,,0,,,0,,,0,,,0,,,0,,,0,,,0,,,,0,0,#DIV/0!
288,7,g,7-June-25,,,21-June-25,8.767,9.152,1.543,1.817,0.274,0.385,68.3,69.2,,14,29.6,0.5,4,,,,0,,high,t2,,10.3,37.1,0.6,36.5,54,,54,58.9,7.1,51.8,,,0,,,0,,,0,,,0,,,0,,,0,,,0,,10.1,twist tie cutbrhizome,17.8,152.6,0.04295366795
289,5,g,6-June-25,,,,,,,,0,0,,0,,,,,0,,,,0,,,,,,,,0,,,0,,,0,,,0,,,0,,,0,,,0,,,0,,,0,,,0,,,,0,0,#DIV/0!
290,5,ng,7-June-25,,,21-June-25,8.639,8.925,1.481,1.545,0.064,0.286,,0,,14,,0.4,0,,,,0,,high,t2,,,,,0,,,0,,,0,,,0,,,0,,,0,,,0,,,0,,,0,,,0,,,no shoot,0,0,#DIV/0!
291,7,ng,6-June-25,,,,,,,,0,0,,0,,,,,0,,,,0,,,,,,,,0,,,0,,,0,,,0,,,0,,,0,,,0,,,0,,,0,,,0,,,,0,0,#DIV/0!
292,6,g,6-June-25,,,,,,,,0,0,,0,,,,,0,,,,0,,,,,,,,0,,,0,,,0,,,0,,,0,,,0,,,0,,,0,,,0,,,0,,,,0,0,#DIV/0!
293,6,g,6-June-25,,,,,,,,0,0,,0,,,,,0,,,,0,,,,,,,,0,,,0,,,0,,,0,,,0,,,0,,,0,,,0,,,0,,,0,,,,0,0,#DIV/0!
294,6,ng,6-June-25,,,,,,,,0,0,,0,,,,,0,,,,0,,,,,,,,0,,,0,,,0,,,0,,,0,,,0,,,0,,,0,,,0,,,0,,,,0,0,#DIV/0!
296,3,ng,7-June-25,,,13-June-25,10.164,10.176,4.613,4.698,0.085,0.012,,0,,6,,,0,,0.493,0.493,0,100,low,t1,"broken, unprossesable",,,,0,,,0,,,0,,,0,,,0,,,0,,,0,,,0,,,0,,,0,,,no shoot?,0,0,#DIV/0!
297,6,ng,7-June-25,,,13-June-25,10.184,10.494,4.657,4.746,0.089,0.31,,115.4,,6,20.6,0.4,6,,0.595,,-0.595,200,low,t1,,2.5,45.7,0,45.7,25.4,0,25.4,98.4,19.7,78.7,112.9,0,112.9,87,0,87,40,0,40,,,0,,,0,,,0,,,0,,,,19.7,392.2,0.1593851133
298,4,g,6-June-25,,,,,,,,0,0,,0,,,,,0,,,,0,,,,,,,,0,,,0,,,0,,,0,,,0,,,0,,,0,,,0,,,0,,,0,,,,0,0,#DIV/0!
299,4,g,6-June-25,,,,,,,,0,0,,0,,,,,0,,,,0,,,,,,,,0,,,0,,,0,,,0,,,0,,,0,,,0,,,0,,,0,,,0,,,,0,0,#DIV/0!
300,4,ng,7-June-25,,,13-June-25,10.273,10.348,4.682,4.694,0.012,0.075,54.4,55,,6,12.7,0.3,8,,0.576,0.581,0.005,200,low,t1,,3,28.6,0,28.6,29.5,0,29.5,14.6,0,14.6,37.3,0,37.3,52,0.2,51.8,35.3,1.2,34.1,31,6.1,24.9,10.4,3.5,6.9,,,0,,,0,,,,11,230.7,0.1443569554
301,5,ng,7-June-25,,,21-June-25,8.586,8.903,1.548,1.91,0.362,0.317,29.1,0,,14,,,0,,,,0,,high,t2,,,,,0,,,0,,,0,,,0,,,0,,,0,,,0,,,0,,,0,,,0,,,mangled,0,0,#DIV/0!
302,5,ng,6-June-25,,,,,,,,0,0,,0,,,,,0,,,,0,,,,,,,,0,,,0,,,0,,,0,,,0,,,0,,,0,,,0,,,0,,,0,,,,0,0,#DIV/0!
303,5,g,6-June-25,,,,,,,,0,0,,0,,,,,0,,,,0,,,,,,,,0,,,0,,,0,,,0,,,0,,,0,,,0,,,0,,,0,,,0,,,,0,0,#DIV/0!
304,4,ng,6-June-25,,,,,,,,0,0,,0,,,,,0,,,,0,,,,,,,,0,,,0,,,0,,,0,,,0,,,0,,,0,,,0,,,0,,,0,,,,0,0,#DIV/0!
305,7,ng,7-June-25,,,13-June-25,10.289,,4.728,4.796,0.068,-10.289,,74.9,,6,42,0.4,6,,0.602,0.61,0.008,280,low,t1,,9.8,23.3,0,23.3,54.6,0,54.6,34.1,0,34.1,65.1,0,65.1,58,0,58,54.8,0,54.8,,,0,,,0,,,0,,,0,,,,0,299.7,0
306,6,ng,6-June-25,no T0 photo,,,,,,,0,0,,0,,,,,0,,,,0,,,,,,,,0,,,0,,,0,,,0,,,0,,,0,,,0,,,0,,,0,,,0,,,,0,0,#DIV/0!
307,6,ng,6-June-25,,,20-June-25,,,1.481,1.559,0.078,0,59,0,,14,,,0,,,,0,,donor,t2,,,,,0,,,0,,,0,,,0,,,0,,,0,,,0,,,0,,,0,,,0,,,not measurable,0,0,#DIV/0!
308,5,ng,6-June-25,,,,,,,,0,0,,0,,,,,0,,,,0,,,,,,,,0,,,0,,,0,,,0,,,0,,,0,,,0,,,0,,,0,,,0,,,,0,0,#DIV/0!
309,4,g,6-June-25,,,,,,,,0,0,,0,,,,,0,,,,0,,,,,,,,0,,,0,,,0,,,0,,,0,,,0,,,0,,,0,,,0,,,0,,,,0,0,#DIV/0!
310,6,g,7-June-25,,66.057,21-June-25,,,,,0,0,,43.2,,14,14.4,0.4,5,,,,0,,low,t2,,4,34.6,0.2,34.4,39.2,0,39.2,30,,30,30.2,7,23.2,23.4,5.2,18.2,,,0,,,0,,,0,,,0,,,0,,,,12.4,149,0.06150793651
311,4,g,6-June-25,,,,,,,,0,0,,0,,,,,0,,,,0,,,,,,,,0,,,0,,,0,,,0,,,0,,,0,,,0,,,0,,,0,,,0,,,,0,0,#DIV/0!
312,5,g,6-June-25,,,20-June-25,,,,,0,0,,0,,,,,0,,,,0,,donor,t2,,,,,0,,,0,,,0,,,0,,,0,,,0,,,0,,,0,,,0,,,0,,,not measurable,0,0,#DIV/0!
313,5,ng,6-June-25,,,,,,,,0,0,,0,,,,,0,,,,0,,,,,,,,0,,,0,,,0,,,0,,,0,,,0,,,0,,,0,,,0,,,0,,,,0,0,#DIV/0!
314,5,ng,6-June-25,,,,,,,,0,0,,0,,,,,0,,,,0,,,,,,,,0,,,0,,,0,,,0,,,0,,,0,,,0,,,0,,,0,,,0,,,,0,0,#DIV/0!
316,6,ng,6-June-25,,,,,,,,0,0,,0,,,,,0,,,,0,,,,,,,,0,,,0,,,0,,,0,,,0,,,0,,,0,,,0,,,0,,,0,,,,0,0,#DIV/0!
319,4,g,6-June-25,,,,,,,,0,0,,0,,,,,0,,,,0,,,,,,,,0,,,0,,,0,,,0,,,0,,,0,,,0,,,0,,,0,,,0,,,,0,0,#DIV/0!
320,9,ng,6-June-25,,,,,,,,0,0,,0,,,,,0,,,,0,,,,,,,,0,,,0,,,0,,,0,,,0,,,0,,,0,,,0,,,0,,,0,,,,0,0,#DIV/0!
321,5,ng,6-June-25,,,,,,,,0,0,,0,,,,,0,,,,0,,,,,,,,0,,,0,,,0,,,0,,,0,,,0,,,0,,,0,,,0,,,0,,,,0,0,#DIV/0!
322,7,g,6-June-25,,,,,,,,0,0,,0,,,,,0,,,,0,,,,,,,,0,,,0,,,0,,,0,,,0,,,0,,,0,,,0,,,0,,,0,,,,0,0,#DIV/0!
323,7,g,6-June-25,,,,,,,,0,0,,0,,,,,0,,,,0,,,,,,,,0,,,0,,,0,,,0,,,0,,,0,,,0,,,0,,,0,,,0,,,,0,0,#DIV/0!
324,4,g,7-June-25,,,21-June-25,,,8.616,8.732,0.116,0,,0,,14,,,0,,,,0,,low,t2,,,,,0,,,0,,,0,,,0,,,0,,,0,,,0,,,0,,,0,,,0,,,no shoot,0,0,#DIV/0!
325,5,g,6-June-25,,,,,,,,0,0,,0,,,,,0,,,,0,,,,,,,,0,,,0,,,0,,,0,,,0,,,0,,,0,,,0,,,0,,,0,,,,0,0,#DIV/0!
326,6,ng,6-June-25,,,,,,,,0,0,,0,,,,,0,,,,0,,,,,,,,0,,,0,,,0,,,0,,,0,,,0,,,0,,,0,,,0,,,0,,,,0,0,#DIV/0!
328,6,ng,7-June-25,,,21-June-25,8.84,9.21,0.659,0.73,0.071,0.37,63,62.4,,14,26,0.6,7,,,,0,,low,t2,,3.2,22.4,0,22.4,56.8,0,56.8,27.4,0,27.4,16.2,11,5.2,42.5,16.6,25.9,59.2,3,56.2,,,0,,,0,,,0,,,0,0.4,,,31,197.1,0.08516483516
329,5,g,6-June-25,,,,,,,,0,0,,0,,,,,0,,,,0,,,,,,,,0,,,0,,,0,,,0,,,0,,,0,,,0,,,0,,,0,,,0,,,,0,0,#DIV/0!
330,3,g,7-June-25,,,21-June-25,8.731,8.826,1.437,1.486,0.049,0.095,45,45.2,,14,8.2,0.3,4,,,,0,,low,t2,,2.2,30.2,3,27.2,43,0.2,42.8,10,5,5,,,0,,,0,,,0,,,0,,,0,,,0,,,0,5.4,,,13.6,77.2,0.118466899
331,6,g,6-June-25,,,,,,,,0,0,,0,,,,,0,,,,0,,,,,,,,0,,,0,,,0,,,0,,,0,,,0,,,0,,,0,,,0,,,0,,,,0,0,#DIV/0!
332,8,ng,7-June-25,,,21-June-25,,,1.5,1.557,0.057,0,,0,,14,,,0,,,,0,,high,t2,,,,,0,,,0,,,0,,,0,,,0,,,0,,,0,,,0,,,0,,,0,,,just root,0,0,#DIV/0!
333,4,g,7-June-25,,,21-June-25,8.909,9.036,4.68,4.797,0.117,0.127,,21.2,,14,8.4,0.3,4,,,,0,,low,t2,,5.1,8.9,7.9,1,14.2,13.4,0.8,14,13.7,0.3,16.1,15.2,0.9,,,0,,,0,,,0,,,0,,,0,,,0,,,,50.2,8.1,0.4268707483
334,4,g,6-June-25,,,20-June-25,,,,,0,0,,0,,,,,0,,,,0,,donor,t2,,,,,0,,,0,,,0,,,0,,,0,,,0,,,0,,,0,,,0,,,0,,,not measurable,0,0,#DIV/0!
335,,g,7-June-25,,,21-June-25,8.707,9.017,1.477,1.537,0.06,0.31,,57.2,,14,2.2,0.5,5,,,,0,,low,t2,,1.8,55.4,19.3,36.1,36,22,14,42.8,36,6.8,35.2,22.9,12.3,38.2,9.7,28.5,,,0,,,0,,,0,,,0,,,0,,,,109.9,99.5,3.568181818
336,5,ng,6-June-25,,,,,,,,0,0,,0,,,,,0,,,,0,,,,,,,,0,,,0,,,0,,,0,,,0,,,0,,,0,,,0,,,0,,,0,,,,0,0,#DIV/0!
337,4,g,6-June-25,,,,,,,,0,0,,0,,,,,0,,,,0,,,,,,,,0,,,0,,,0,,,0,,,0,,,0,,,0,,,0,,,0,,,0,,,,0,0,#DIV/0!
338,7,g,7-June-25,,,21-June-25,8.688,8.817,1.267,1.382,0.115,0.129,,32.4,,14,12.8,0.3,11,,,,0,,low,t2,,4,28.2,1.2,27,27.8,0,27.8,17,7.4,9.6,28.4,13.4,15,11,4.5,6.5,24,0,24,10.2,3.2,7,22.5,16.4,6.1,20.2,8.8,11.4,25.2,14.5,10.7,6.4,,,75.8,149.1,0.4229910714
339,5,g,6-June-25,,,20-June-25,,,,,0,0,,0,,,,,0,,,,0,,donor,t2,,,,,0,,,0,,,0,,,0,,,0,,,0,,,0,,,0,,,0,,,0,,,not measurable,0,0,#DIV/0!
340,6,ng,6-June-25,,,,,,,,0,0,,0,,,,,0,,,,0,,,,,,,,0,,,0,,,0,,,0,,,0,,,0,,,0,,,0,,,0,,,0,,,,0,0,#DIV/0!
341,6,g,7-June-25,,,13-June-25,8.624,9.13,4.716,4.754,0.038,0.506,69.4,87.7,,6,2.8,0.3,7,,0.477,0.479,0.002,100,high,t1,,3,43.6,0,43.6,28.2,0,28.2,76.2,0,76.2,84.7,0.1,84.6,60.1,2.2,57.9,83.3,9.7,73.6,40.5,2.4,38.1,,,0,,,0,,,0,,,,14.4,405.2,0.8571428571
342,6,ng,6-June-25,,,,,,,,0,0,,0,,,,,0,,,,0,,,,,,,,0,,,0,,,0,,,0,,,0,,,0,,,0,,,0,,,0,,,0,,,,0,0,#DIV/0!
343,,,7-June-25,,,21-June-25,,,,,0,0,,74.9,,14,26,0.5,5,,,,0,,high,t2,,8.9,66,4.1,61.9,50.6,11.3,39.3,57.7,7.3,50.4,48.3,0.6,47.7,20.6,0.3,20.3,,,0,,,0,,,0,,,0,,,0,,,rhizome bag wieght was on low T2 sheet?,23.6,228.5,0.06483516484
344,6,ng,6-June-25,,,,,,,,0,0,,0,,,,,0,,,,0,,,,,,,,0,,,0,,,0,,,0,,,0,,,0,,,0,,,0,,,0,,,0,,,,0,0,#DIV/0!
345,6,ng,7-June-25,,,21-June-25,8.848,9.185,8.984,9.002,0.018,0.337,56,52.6,,14,10,0.4,6,,,,0,,low,t2,,3.4,34,0,34,35,0,35,49.2,0,49.2,46,14.8,31.2,29.4,15.8,13.6,,,0,,,0,,,0,,,0,,,0,2.6,,,33.2,166.4,0.2371428571
346,6,ng,7-June-25,,,21-June-25,,,9.064,9.288,0.224,0,,0,,14,,,0,,,,0,,low,t2,,,,,0,,,0,,,0,,,0,,,0,,,0,,,0,,,0,,,0,,,0,,,no shoot,0,0,#DIV/0!
347,6,ng,7-June-25,,,21-June-25,,,,,0,0,,0,,14,,,0,,,,0,,low,t2,,,,,0,,,0,,,0,,,0,,,0,,,0,,,0,,,0,,,0,,,0,,,no shoot,0,0,#DIV/0!
348,6,g,6-June-25,,,20-June-25,8.902,9.066,1.53,1.636,0.106,0.164,,0,,14,na,0.5,4,,,,0,,donor,t2,,,,,0,,,0,,,0,,,0,,,0,,,0,,,0,,,0,,,0,,,0,,,too rotten,0,0,#VALUE!
349,5,g,7-June-25,,,13-June-25,10.191,9.938,4.702,4.763,0.061,-0.253,,51.1,,6,17.3,0.3,5,,0.52,0.521,0.001,70,low,t1,,5.7,5.5,1.4,4.1,41.2,2.1,39.1,45.4,0.2,45.2,23.8,13.6,10.2,26.7,13.4,13.3,,,0,,,0,,,0,,,0,,,0,,,,30.7,117.6,0.295761079
350,7,g,7-June-25,,,13-June-25,10.23,,4.773,4.806,0.033,-10.23,,85.2,,6,25,0.5,8,,0.5288,0.532,0.0032,,low,t1,,4.5,43.5,0,43.5,80.7,0,80.7,27.4,0,27.4,16,11.4,4.6,16,11.3,4.7,43.5,2.5,41,50.6,0,50.6,,,0,,,0,,,0,6.2,,,31.4,257,0.2093333333
351,5,g,7-June-25,,,13-June-25,10.236,10.238,4.672,4.733,0.061,0.002,,40.8,,6,17.3,0.3,4,,0.488,0.489,0.001,,low,t1,,5.2,4.5,0,4.5,29.6,0,29.6,10.7,0,10.7,35.6,0.4,35.2,,,0,,,0,,,0,,,0,,,0,,,0,,,,0.4,85.2,0.003853564547
352,5,ng,7-June-25,,,21-June-25,8.712,8.758,1.587,1.67,0.083,0.046,,69.9,,14,15.8,0.4,3,,,,0,,high,t2,,3.4,54.6,2.5,52.1,66.5,,66.5,32.7,,32.7,,,0,,,0,,,0,,,0,,,0,,,0,,,0,,,,2.5,154.7,0.01130198915
353,6,ng,7-June-25,,,21-June-25,8.857,9.085,0.778,0.846,0.068,0.228,79.3,69.2,,14,20,0.5,6,,,,0,,low,t2,,3.6,65.6,0,65.6,43.2,0,43.2,43,0,43,23.6,23.6,0,16.4,16.1,0.3,,,0,,,0,,,0,,,0,,,0,14.6,,,54.3,155.7,0.1939285714
355,5,g,7-June-25,,,21-June-25,8.767,9.042,1.443,1.57,0.127,0.275,,57.1,,14,12.7,0.4,3,,,,0,,high,t2,,2.5,54.6,11.1,43.5,49.5,13.8,35.7,,,0,,,0,,,0,,,0,,,0,,,0,,,0,,,0,12.1,,,37,81.7,0.2080989876
357,5,ng,6-June-25,,,12-June-25,8.625,,4.675,4.733,0.058,-8.625,96.1,93,,6,18.3,0.4,5,,0.537,0.538,0.001,75,donor,t1,,11.4,26.6,0,26.6,81.6,0,81.6,25.5,0,25.5,26.6,0,26.6,16.1,0,16.1,,,0,,,0,,,0,,,0,,,0,,,,0,187.8,0
358,5,ng,7-June-25,,,13-June-25,8.589,,4.695,4.745,0.05,-8.589,34.3,33.7,,6,7.1,0.4,8,,0.487,0.489,0.002,60,high,t1,,5.3,23,0,23,17.9,1.4,16.5,27.8,1.1,26.7,28.1,0,28.1,28,0.5,27.5,28.4,3.3,25.1,20.2,0,20.2,19.6,0,19.6,,,0,,,0,,,,6.3,192,0.1478873239
359,6,ng,6-June-25,,,,,,,,0,0,,0,,,,,0,,,,0,,,,,,,,0,,,0,,,0,,,0,,,0,,,0,,,0,,,0,,,0,,,0,,,,0,0,#DIV/0!
360,7,g,6-June-25,,,,,,,,0,0,,0,,,,,0,,,,0,,,,,,,,0,,,0,,,0,,,0,,,0,,,0,,,0,,,0,,,0,,,0,,,,0,0,#DIV/0!
361,6,ng,7-June-25,,,13-June-25,10.106,10.298,4.748,4.773,0.025,0.192,32.6,39.5,,6,7.8,0.4,6,,0.516,0.517,0.001,150,low,t1,,7.2,25.2,0,25.2,32.3,0,32.3,18.7,2.2,16.5,6.2,5.9,0.3,5.3,4.8,0.5,11,0,11,,,0,,,0,,,0,,,0,,,,12.9,93,0.2756410256
362,5,ng,7-June-25,,,21-June-25,8.896,,0.685,0.719,0.034,-8.896,30.2,30.4,,14,7,0.2,4,,,,0,,low,t2,,2,17,0,17,28.4,2.2,26.2,18,7.2,10.8,14,11.5,2.5,,,0,,,0,,,0,,,0,,,0,,,0,,,,20.9,58.5,0.2132653061
363,6,ng,7-June-25,,,13-June-25,,,1.183,1.35,0.167,0,,101.6,,6,,,10,,,,0,,low,t1,,3.8,24.4,0,24.4,17.8,0.1,17.7,34.4,0.1,34.3,16.5,2.2,14.3,30.6,12.9,17.7,26,8.3,17.7,97.8,10,87.8,26.1,1.8,24.3,19.4,7.4,12,,,0,6.7,,no shoot,49.5,254,#DIV/0!
364,3,g,7-June-25,,,13-June-25,8.635,8.802,4.724,4.736,0.012,0.167,35.2,34.3,,6,12.2,0.2,4,,0.598,0.601,0.003,120,high,t1,,3.7,30.6,0,30.6,16.7,0,16.7,27,1.9,25.1,17.9,0,17.9,,,0,,,0,,,0,,,0,,,0,,,0,,,,1.9,94,0.02595628415
365,4,g,6-June-25,,,,,,,,0,0,,0,,,,,0,,,,0,,,,,,,,0,,,0,,,0,,,0,,,0,,,0,,,0,,,0,,,0,,,0,,,,0,0,#DIV/0!
366,5,g,7-June-25,,,21-June-25,,,1.653,1.705,0.052,0,,0,,14,,,0,,,,0,,low,t2,,,,,0,,,0,,,0,,,0,,,0,,,0,,,0,,,0,,,0,,,0,,,no shoot,0,0,#DIV/0!
367,5,g,7-June-25,,,21-June-25,8.972,9.428,1.53,1.734,0.204,0.456,91.6,84.4,,14,20.2,0.5,5,,,,0,,high,t2,,4.6,51.4,,51.4,59.5,1.7,57.8,79.8,16.1,63.7,64.4,21.2,43.2,13.7,13,0.7,,,0,,,0,,,0,,,0,,,0,,,,52,221.4,0.1838755304
369,5,g,7-June-25,,,21-June-25,8.801,8.943,1.409,1.527,0.118,0.142,,0,,14,,,0,,,,0,,high,t2,,,,,0,,,0,,,0,,,0,,,0,,,0,,,0,,,0,,,0,,,0,,,wrangled,0,0,#DIV/0!
370,5,ng,7-June-25,,,13-June-25,10.09,10.322,4.658,4.75,0.092,0.232,,40.5,,6,11.2,0.4,7,,0.494,0.94,0.446,100,low,t1,,2.3,16.4,0,16.4,32.1,0,32.1,30,0,30,30.4,0.5,29.9,12.3,3.8,8.5,38.2,10.9,27.3,28.5,6.7,21.8,,,0,,,0,,,0,,,,21.9,168.3,0.3258928571
371,5,ng,6-June-25,,,20-June-25,8.735,9.14,1.519,1.67,0.151,0.405,,68.6,,14,15.4,0.4,5,,,,0,,donor,t2,,4.2,64.4,0.4,64,41.4,0.2,41.2,60,5.6,54.4,32.4,6.8,25.6,30,4,26,,,0,,,0,,,0,,,0,,,0,,,,17,215.4,0.07884972171
372,7,ng,6-June-25,,,,,,,,0,0,,0,,,,,0,,,,0,,,,,,,,0,,,0,,,0,,,0,,,0,,,0,,,0,,,0,,,0,,,0,,,,0,0,#DIV/0!
373,7,g,6-June-25,,,12-June-25,8.624,8.88,4.703,4.817,0.114,0.256,59.7,62.1,,6,15.3,0.4,5,,0.508,0.508,0,90,donor,t1,,4.9,57.2,1.8,55.4,27.2,1.2,26,22.4,0.7,21.7,13.3,0,13.3,17.4,0,17.4,,,0,,,0,,,0,,,0,,,0,,,,3.7,138.7,0.04030501089
374,5,ng,6-June-25,,,,,,,,0,0,,0,,,,,0,,,,0,,,,,,,,0,,,0,,,0,,,0,,,0,,,0,,,0,,,0,,,0,,,0,,,,0,0,#DIV/0!
375,7,ng,7-June-25,,,21-June-25,8.694,9.18,1.556,1.712,0.156,0.486,9.5,59.4,,14,55.2,0.4,7,,,,0,,high,t2,,3,8.2,0.4,7.8,7,3.2,3.8,37.2,0,37.2,56,2.5,53.5,55.2,7.8,47.4,56.4,9,47.4,32.6,0,32.6,,,0,,,0,,,0,,,,22.9,232.7,0.02963250518
376,5,ng,7-June-25,,,21-June-25,9.032,9.238,8.704,8.727,0.023,0.206,68,64.2,,14,15.2,0.4,6,,,,0,,low,t2,,1.4,38,0,38,51,0,51,23.4,11,12.4,61,14.4,46.6,62.8,0.4,62.4,11,2.8,8.2,,,0,,,0,,,0,,,0,,,,28.6,220,0.1343984962
377,4,g,6-June-25,,,,,,,,0,0,,0,,,,,0,,,,0,,,,,,,,0,,,0,,,0,,,0,,,0,,,0,,,0,,,0,,,0,,,0,,,,0,0,#DIV/0!
378,6,ng,7-June-25,,,21-June-25,8.964,,0.676,0.763,0.087,-8.964,103.3,103.3,,14,23,0.6,6,,,,0,,low,t2,,3.2,96,2.4,93.6,100.1,0,100.1,21.2,3,18.2,38.2,4.5,33.7,98,2,96,30,11.5,18.5,,,0,,,0,,,0,,,0,,,,23.4,363.3,0.07267080745
379,6,ng,6-June-25,,,,,,,,0,0,,0,,,,,0,,,,0,,,,,,,,0,,,0,,,0,,,0,,,0,,,0,,,0,,,0,,,0,,,0,,,,0,0,#DIV/0!
380,6,g,7-June-25,,,21-June-25,8.75,9.163,1.628,1.691,0.063,0.413,70,69,,14,28,0.5,6,,,,0,,low,t2,,7,41.2,5,36.2,8.2,0.2,8,52.6,0.4,52.2,51.2,13.2,38,62,4.5,57.5,61.8,16.4,45.4,,,0,,,0,,,0,,,0,,,,39.7,244.3,0.1012755102
381,4,g,6-June-25,,,,,,,,0,0,,0,,,,,0,,,,0,,,,,,,,0,,,0,,,0,,,0,,,0,,,0,,,0,,,0,,,0,,,0,,,,0,0,#DIV/0!
382,8,ng,7-June-25,,,21-June-25,9.023,,0.899,0.973,0.074,-9.023,94,93.4,,14,17,0.4,4,,,,0,,low,t2,,7.2,47.2,4.8,42.4,50.2,0,50.2,86.2,10.4,75.8,64,16.4,47.6,,,0,,,0,,,0,,,0,,,0,,,0,,,,31.6,223.2,0.1327731092
383,5,ng,6-June-25,,,,,,,,0,0,,0,,,,,0,,,,0,,,,,,,,0,,,0,,,0,,,0,,,0,,,0,,,0,,,0,,,0,,,0,,,,0,0,#DIV/0!
384,7,g,7-June-25,,,13-June-25,10.192,10.321,4.675,4.789,0.114,0.129,,72.4,,6,20,0.5,8,,,,0,,low,t1,,5,10.7,0,10.7,53.1,0,53.1,24.6,0.4,24.2,6.1,0.2,5.9,50.6,7.3,43.3,59.3,0,59.3,67.4,0,67.4,,,0,,,0,,,0,4,,,11.9,268.9,0.09916666667
386,7,g,6-June-25,,,,,,,,0,0,,0,,,,,0,,,,0,,,,,,,,0,,,0,,,0,,,0,,,0,,,0,,,0,,,0,,,0,,,0,,,,0,0,#DIV/0!
387,4,g,6-June-25,,,12-June-25,8.773,8.811,4.695,4.776,0.081,0.038,26.8,25.2,,6,12.4,0.4,4,,,,0,,donor,t1,no photo,4.2,13,0,13,13,0,13,21,0,21,13,0,13,,,0,,,0,,,0,,,0,,,0,,,0,,,,0,64.2,0
389,4,ng,7-June-25,,,13-June-25,10.252,10.285,4.635,4.765,0.13,0.033,,11.2,,6,6.9,0.4,4,,0.475,0.76,0.285,100,low,t1,,3.7,7.5,0,7.5,6.5,0,6.5,6.3,2.8,3.5,6.1,0,6.1,,,0,,,0,,,0,,,0,,,0,,,0,,,,2.8,27.3,0.06763285024
390,4,ng,6-June-25,,,12-June-25,10.099,10.451,4.712,4.877,0.165,0.352,118.8,117.2,,6,11.1,0.5,4,,0.429,0.53,0.101,100,donor,t1,,7,25.6,0,25.6,21.3,0,21.3,57,3.7,53.3,110.2,0,110.2,,,0,,,0,,,0,,,0,,,0,,,0,,,,3.7,217.4,0.05555555556
391,5,g,7-June-25,,,13-June-25,10.25,,4.626,4.818,0.192,-10.25,,65.3,,6,27.9,0.5,7,,0.537,0.73,0.193,150,low,t1,,5.5,32.2,0,32.2,46.3,0,46.3,17.5,1.9,15.6,53.5,4.8,48.7,47.5,0,47.5,59.8,10,49.8,34,7.7,26.3,,,0,,,0,,,0,,,,24.4,271.9,0.1457586619
392,7,ng,6-June-25,,,,,,,,0,0,,0,,,,,0,,,,0,,,,,,,,0,,,0,,,0,,,0,,,0,,,0,,,0,,,0,,,0,,,0,,,,0,0,#DIV/0!
393,7,g,7-June-25,,,21-June-25,8.674,8.947,1.396,1.564,0.168,0.273,,74.9,,14,26,0.5,5,,,,0,,high,t2,,8.9,66,4.1,61.9,50.6,11.3,39.3,57.7,7.3,50.4,48.3,0.6,47.7,20.6,0.3,20.3,,,0,,,0,,,0,,,0,,,0,,,,23.6,228.5,0.06483516484
394,5,g,6-June-25,,,,,,,,0,0,,0,,,,,0,,,,0,,,,,,,,0,,,0,,,0,,,0,,,0,,,0,,,0,,,0,,,0,,,0,,,,0,0,#DIV/0!
395,2,ng,7-June-25,,,21-June-25,8.652,8.956,1.494,2,0.506,0.304,,77.4,,14,15.4,0.3,8,,,,0,,low,t2,,6,17.1,14.6,2.5,67,37.5,29.5,13,,13,16.5,2,14.5,71.4,36.2,35.2,8.7,,8.7,,,0,,,0,,,0,,,0,15.5,15.6,,121.4,109.4,0.5630797774
396,6,g,6-June-25,,,20-June-25,8.61,9.031,0.784,0.882,0.098,0.421,,0,,14,,,0,,,,0,,donor,t2,,,,,0,,,0,,,0,,,0,,,0,,,0,,,0,,,0,,,0,,,0,,,shoot shreddered,0,0,#DIV/0!
397,6,g,6-June-25,,,,,,,,0,0,,0,,,,,0,,,,0,,,,,,,,0,,,0,,,0,,,0,,,0,,,0,,,0,,,0,,,0,,,0,,,,0,0,#DIV/0!
398,6,ng,6-June-25,,,,,,,,0,0,,0,,,,,0,,,,0,,,,,,,,0,,,0,,,0,,,0,,,0,,,0,,,0,,,0,,,0,,,0,,,,0,0,#DIV/0!
399,5,ng,6-June-25,,,,,,,,0,0,,0,,,,,0,,,,0,,,,,,,,0,,,0,,,0,,,0,,,0,,,0,,,0,,,0,,,0,,,0,,,,0,0,#DIV/0!
400,6,g,6-June-25,,,,,,,,0,0,,0,,,,,0,,,,0,,,,,,,,0,,,0,,,0,,,0,,,0,,,0,,,0,,,0,,,0,,,0,,,,0,0,#DIV/0!
401,7,g,6-June-25,,,,,,,,0,0,,0,,,,,0,,,,0,,,,,,,,0,,,0,,,0,,,0,,,0,,,0,,,0,,,0,,,0,,,0,,,,0,0,#DIV/0!
402,5,ng,6-June-25,,,,,,,,0,0,,0,,,,,0,,,,0,,,,,,,,0,,,0,,,0,,,0,,,0,,,0,,,0,,,0,,,0,,,0,,,,0,0,#DIV/0!
403,3,g,6-June-25,,,,,,,,0,0,,0,,,,,0,,,,0,,,,,,,,0,,,0,,,0,,,0,,,0,,,0,,,0,,,0,,,0,,,0,,,,0,0,#DIV/0!
404,7,g,6-June-25,,,,,,,,0,0,,0,,,,,0,,,,0,,,,,,,,0,,,0,,,0,,,0,,,0,,,0,,,0,,,0,,,0,,,0,,,,0,0,#DIV/0!
405,4,ng,6-June-25,,,,,,,,0,0,,0,,,,,0,,,,0,,,,,,,,0,,,0,,,0,,,0,,,0,,,0,,,0,,,0,,,0,,,0,,,,0,0,#DIV/0!
406,6,ng,7-June-25,,,21-June-25,8.784,8.933,1.239,1.256,0.017,0.149,,67.4,,14,15,0.4,6,,,,0,,low,t2,,5,60,6.2,53.8,35,25.8,9.2,8.4,7.4,1,62.4,3.6,58.8,47.6,13.2,34.4,,,0,,,0,,,0,,,0,,,0,4.2,,,60.4,162.2,0.2876190476
407,4,ng,6-June-25,,,,,,,,0,0,,0,,,,,0,,,,0,,,,,,,,0,,,0,,,0,,,0,,,0,,,0,,,0,,,0,,,0,,,0,,,,0,0,#DIV/0!
408,6,g,6-June-25,,,,,,,,0,0,,0,,,,,0,,,,0,,,,,,,,0,,,0,,,0,,,0,,,0,,,0,,,0,,,0,,,0,,,0,,,,0,0,#DIV/0!
409,7,g,6-June-25,,,,,,,,0,0,,0,,,,,0,,,,0,,,,,,,,0,,,0,,,0,,,0,,,0,,,0,,,0,,,0,,,0,,,0,,,,0,0,#DIV/0!
H1,5,none,,,,5-June-25,8.636,8.804,4.614,4.619,0.005,0.168,66.4,0,,0,11.6,0.3,5,3.4,0.4998,0.501,0.0012,44,donor,t0,44 ml used for gfc,,,,0,,,0,,,0,,,0,,,0,,,0,,,0,,,0,,,0,,,0,,,,0,0,#DIV/0!
H2,4,none,,,,5-June-25,8.752,8.986,4.664,4.667,0.003,0.234,81.4,0,,0,13.5,0.4,4,3.6,0.486,0.486,0.486,30,donor,t0,,,,,0,,,0,,,0,,,0,,,0,,,0,,,0,,,0,,,0,,,0,,,,0,0,#DIV/0!
H5,4,none,,,,5-June-25,8.688,8.99,4.611,4.644,0.033,0.302,122.3,0,,0,23.5,0.4,4,5.9,0.473,0.479,0.006,40,donor,t0,40ml used for grf,,,,0,,,0,,,0,,,0,,,0,,,0,,,0,,,0,,,0,,,0,,,,0,0,#DIV/0!
H6,4,none,,6 rows as 5 gfcs,,5-June-25,8.736,9.062,4.644,4.663,0.019,0.326,96.4,0,,0,21.2,0.4,4,3.5,1.075,1.084,0.009,116,donor,t0,,,,,0,,,0,,,0,,,0,,,0,,,0,,,0,,,0,,,0,,,0,,,,0,0,#DIV/0!
H7,6,none,,,,5-June-25,8.746,8.746,4.583,4.612,0.029,0,155.7,0,,0,37,0.5,6,6.5,0.521,0.526,0.005,54,donor,t0,10ml used for gfc,,,,0,,,0,,,0,,,0,,,0,,,0,,,0,,,0,,,0,,,0,,,,0,0,#DIV/0!
H9,7,none,,,,5-June-25,8.639,9.487,4.64,4.698,0.058,0.848,131.2,0,,0,34,0.5,7,6.6,0.554,0.558,0.004,62,donor,t0,20 ml used for gfc,,,,0,,,0,,,0,,,0,,,0,,,0,,,0,,,0,,,0,,,0,,,,0,0,#DIV/0!
HM10,7,none,,,,5-June-25,8.64,,4.655,,-4.655,-8.64,155.5,0,,0,44.9,0.6,7,8.9,,,0,,donor,t0,,,,,0,,,0,,,0,,,0,,,0,,,0,,,0,,,0,,,0,,,0,,,,0,0,#DIV/0!
HM11,5,none,,,,5-June-25,8.655,,4.708,,-4.708,-8.655,108,0,,0,30.2,0.8,5,6.6,,,0,,donor,t0,,,,,0,,,0,,,0,,,0,,,0,,,0,,,0,,,0,,,0,,,0,,,,0,0,#DIV/0!
HM12,5,none,,,,5-June-25,8.66,,4.658,,-4.658,-8.66,84.2,0,,0,21.1,0.4,5,,,,0,,donor,t0,rhizom is 3.2 but only 4 internodes,,,,0,,,0,,,0,,,0,,,0,,,0,,,0,,,0,,,0,,,0,,,,0,0,#DIV/0!
HM3,4,none,,,,5-June-25,8.679,8.837,4.636,4.636,0,0.158,67,0,,0,9.2,0.4,4,,,,0,,donor,t0,1.6 but cut,,,,0,,,0,,,0,,,0,,,0,,,0,,,0,,,0,,,0,,,0,,,,0,0,#DIV/0!
HM4,7,none,,,,5-June-25,8.61,9.329,4.68,4.812,0.132,0.719,111.2,0,,0,28.2,0.5,7,11.4,,,0,,donor,t0,,,,,0,,,0,,,0,,,0,,,0,,,0,,,0,,,0,,,0,,,0,,,,0,0,#DIV/0!
HM8,6,none,,,,5-June-25,8.604,9.035,4.699,4.701,0.002,0.431,106.5,0,,0,16.9,0.5,6,,,,0,,donor,t0,rhizome is 5.5 but only 4 internodes,,,,0,,,0,,,0,,,0,,,0,,,0,,,0,,,0,,,0,,,0,,,,0,0,#DIV/0!
NID1,,,6-June-25,,,12-June-25,8.701,8.898,4.585,4.649,0.064,0.197,59.3,0,,6,5,0.4,0,,0.537,0.538,0.001,160,donor,t1,,,,,0,,,0,,,0,,,0,,,0,,,0,,,0,,,0,,,0,,,0,,,,0,0,0
NID2LACL,,g,6-June-25,,,20-June-25,,,1.63,2.077,0.447,0,,0,,14,,,0,,,,0,,donor,t2,,,,,0,,,0,,,0,,,0,,,0,,,0,,,0,,,0,,,0,,,0,,,no shoot,0,0,#DIV/0!
H6,,,,6 rows as 5 gfcs,,,,,,,,,,0,,,,,,,0.653,0.657,0.004,30,,,,,,,0,,,0,,,0,,,0,,,0,,,0,,,0,,,0,,,0,,,0,,,,0,0,#DIV/0!
H6,,,,6 rows as 5 gfcs,,,,,,,,,,0,,,,,,,0.591,0.594,0.003,20,,,,,,,0,,,0,,,0,,,0,,,0,,,0,,,0,,,0,,,0,,,0,,,,0,0,#DIV/0!
H6,,,,6 rows as 5 gfcs,,,,,,,,,,0,,,,,,,0.56,0.568,0.008,10,,,,,,,0,,,0,,,0,,,0,,,0,,,0,,,0,,,0,,,0,,,0,,,,0,0,#DIV/0!
H6,,,,6 rows as 5 gfcs,,,,,,,,,,0,,,,,,,0.524,0.531,0.007,60,,,,,,,0,,,0,,,0,,,0,,,0,,,0,,,0,,,0,,,0,,,0,,,,0,0,#DIV/0!
H6,,,,6 rows as 5 gfcs,,,,,,,,,,0,,,,,,,0.498,0.504,0.006,30,,,,,,,0,,,0,,,0,,,0,,,0,,,0,,,0,,,0,,,0,,,0,,,,0,0,#DIV/0!
NID2ZP62,,ng,6-June-25,,,20-June-25,,,1.815,1.8558,0.0408,0,,0,,,,,0,,,,0,,,,,,,,0,,,0,,,0,,,0,,,0,,,0,,,0,,,0,,,0,,,0,,,no shoot,0,0,#DIV/0!
NID3LACL,,g,6-June-25,,,20-June-25,8.912,9.067,,,0,0.155,,0,,14,15,0.3,3,,,,0,,donor,t2,,,,,0,,,0,,,0,,,0,,,0,,,0,,,0,,,0,,,0,,,0,,,no rhizome,0,0,0
NID3ZP62,,ng,6-June-25,,,20-June-25,8.585,8.776,,,0,0.191,,0,,14,27.3,0.4,4,,,,0,,donor,t2,,,,,0,,,0,,,0,,,0,,,0,,,0,,,0,,,0,,,0,,,0,,,no rhizome,0,0,0
NID4,,,6-June-25,,,12-June-25,10.18,10.246,4.849,4.864,0.015,0.066,35.6,0,,6,16.2,0.5,0,,0.631,0.631,0,200,donor,t1,,,,,0,,,0,,,0,,,0,,,0,,,0,,,0,,,0,,,0,,,0,,,,0,0,0
NID5,,,6-June-25,,,12-June-25,8.67,8.948,4.613,4.711,0.098,0.278,60.5,0,,6,18.6,0.4,0,,0.718,0.718,0,200,donor,t1,,,,,0,,,0,,,0,,,0,,,0,,,0,,,0,,,0,,,0,,,0,,,,0,0,0
NIDBIBE,,,6-June-25,,,,,,0.744,0.797,0.053,0,,0,,,,,0,,,,0,,donor,t2,,,,,0,,,0,,,0,,,0,,,0,,,0,,,0,,,0,,,0,,,0,,,no shoot,0,0,#DIV/0!
NIDBRCA,,g,6-June-25,,,20-June-25,8.568,8.688,1.452,1.537,0.085,0.12,,0,,14,,0.5,0,,,,0,,donor,,,,,,0,,,0,,,0,,,0,,,0,,,0,,,0,,,0,,,0,,,0,,,,0,0,#DIV/0!
NIDGRCA,,,6-June-25,,,20-June-25,9.06,9.266,8.945,9.137,0.192,0.206,,0,,,,,,,,,,,,,,,,,,,,,,,,,,,,,,,,,,,,,,,,,,,,,,,,,,
NIDLACL,,g,6-June-25,,,20-June-25,,,1.634,1.842,0.208,0,,0,,14,,,0,,,,0,,donor,t2,,,,,0,,,0,,,0,,,0,,,0,,,0,,,0,,,0,,,0,,,0,,,no shoot,0,0,#DIV/0!
NIDZP62,,ng,6-June-25,,,20-June-25,,,1.701,1.739,0.038,0,,0,,,,,0,,,,0,,donor,,,,,,0,,,0,,,0,,,0,,,0,,,0,,,0,,,0,,,0,,,0,,,no shoot,0,0,#DIV/0!
PTP1,4,none,,,,6-June-25,10.161,10.46,4.618,4.676,0.058,0.299,80,0,,1,14.9,0.5,4,4.5,,,0,,donor,t0,,,,,0,,,0,,,0,,,0,,,0,,,0,,,0,,,0,,,0,,,0,,,,0,0,0
PTP2,5,none,,,,6-June-25,8.709,9.285,4.642,4.83,0.188,0.576,117.5,0,,1,29.6,0.6,5,4.5,,,0,,donor,t0,,,,,0,,,0,,,0,,,0,,,0,,,0,,,0,,,0,,,0,,,0,,,,0,0,0
PTP3,6,none,,,,6-June-25,8.741,9.258,4.717,4.777,0.06,0.517,92.2,0,,1,18,0.4,6,4,,,0,,donor,t0,,,,,0,,,0,,,0,,,0,,,0,,,0,,,0,,,0,,,0,,,0,,,,0,0,0
PTP4,5,none,,,,6-June-25,8.691,8.925,4.645,4.668,0.023,0.234,92.4,0,,1,34.6,0.4,5,3.4,,,0,,donor,t0,,,,,0,,,0,,,0,,,0,,,0,,,0,,,0,,,0,,,0,,,0,,,,0,0,0
PTP5,5,none,,,,6-June-25,8.779,9.055,4.607,4.653,0.046,0.276,66.4,0,,1,14.6,0.5,5,2.2,,,0,,donor,t0,,,,,0,,,0,,,0,,,0,,,0,,,0,,,0,,,0,,,0,,,0,,,,0,0,0
NID,,,7-June-25,,,21-June-25,8.982,,8.945,,-8.945,-8.982,,0,,,,,0,,,,0,,low,t2,,,,,0,,,0,,,0,,,0,,,0,,,0,,,0,,,0,,,0,,,0,,,only one little leaf,0,0,#DIV/0!
,,,,,,,,,,,0,0,,0,,,,,0,,,,0,,,,,,,,0,,,0,,,0,,,0,,,0,,,0,,,0,,,0,,,0,,,0,,,,0,0,#DIV/0!
,,,,,,,,,,,0,0,,0,,,,,0,,,,0,,,,,,,,0,,,0,,,0,,,0,,,0,,,0,,,0,,,0,,,0,,,0,,,,0,0,#DIV/0!
,,,,,,,,,,,0,0,,0,,,,,0,,,,0,,,,,,,,0,,,0,,,0,,,0,,,0,,,0,,,0,,,0,,,0,,,0,,,,0,0,#DIV/0!
,,,,,,,,,,,0,0,,0,,,,,0,,,,0,,,,,,,,0,,,0,,,0,,,0,,,0,,,0,,,0,,,0,,,0,,,0,,,,0,0,#DIV/0!
,,,,,,,,,,,0,0,,0,,,,,0,,,,0,,,,,,,,0,,,0,,,0,,,0,,,0,,,0,,,0,,,0,,,0,,,0,,,,0,0,#DIV/0!
,,,,,,,,,,,0,0,,0,,,,,0,,,,0,,,,,,,,0,,,0,,,0,,,0,,,0,,,0,,,0,,,0,,,0,,,0,,,,0,0,#DIV/0!
,,,,,,,,,,,0,0,,0,,,,,0,,,,0,,,,,,,,0,,,0,,,0,,,0,,,0,,,0,,,0,,,0,,,0,,,0,,,,0,0,#DIV/0!
,,,,,,,,,,,0,0,,0,,,,,0,,,,0,,,,,,,,0,,,0,,,0,,,0,,,0,,,0,,,0,,,0,,,0,,,0,,,,0,0,#DIV/0!
,,,,,,,,,,,0,0,,0,,,,,0,,,,0,,,,,,,,0,,,0,,,0,,,0,,,0,,,0,,,0,,,0,,,0,,,0,,,,0,0,#DIV/0!
,,,,,,,,,,,0,0,,0,,,,,0,,,,0,,,,,,,,0,,,0,,,0,,,0,,,0,,,0,,,0,,,0,,,0,,,0,,,,0,0,#DIV/0!
,,,,,,,,,,,0,0,,0,,,,,0,,,,0,,,,,,,,0,,,0,,,0,,,0,,,0,,,0,,,0,,,0,,,0,,,0,,,,0,0,#DIV/0!
,,,,,,,,,,,0,0,,0,,,,,0,,,,0,,,,,,,,0,,,0,,,0,,,0,,,0,,,0,,,0,,,0,,,0,,,0,,,,0,0,#DIV/0!
,,,,,,,,,,,0,0,,0,,,,,0,,,,0,,,,,,,,0,,,0,,,0,,,0,,,0,,,0,,,0,,,0,,,0,,,0,,,,0,0,#DIV/0!
,,,,,,,,,,,0,0,,0,,,,,0,,,,0,,,,,,,,0,,,0,,,0,,,0,,,0,,,0,,,0,,,0,,,0,,,0,,,,0,0,#DIV/0!
,,,,,,,,,,,0,0,,0,,,,,0,,,,0,,,,,,,,0,,,0,,,0,,,0,,,0,,,0,,,0,,,0,,,0,,,0,,,,0,0,#DIV/0!
,,,,,,,,,,,0,0,,0,,,,,0,,,,0,,,,,,,,0,,,0,,,0,,,0,,,0,,,0,,,0,,,0,,,0,,,0,,,,0,0,#DIV/0!
,,,,,,,,,,,0,0,,0,,,,,0,,,,0,,,,,,,,0,,,0,,,0,,,0,,,0,,,0,,,0,,,0,,,0,,,0,,,,0,0,#DIV/0!
,,,,,,,,,,,0,0,,0,,,,,0,,,,0,,,,,,,,0,,,0,,,0,,,0,,,0,,,0,,,0,,,0,,,0,,,0,,,,0,0,#DIV/0!
,,,,,,,,,,,0,0,,0,,,,,0,,,,0,,,,,,,,0,,,0,,,0,,,0,,,0,,,0,,,0,,,0,,,0,,,0,,,,0,0,#DIV/0!
,,,,,,,,,,,0,0,,0,,,,,0,,,,0,,,,,,,,0,,,0,,,0,,,0,,,0,,,0,,,0,,,0,,,0,,,0,,,,0,0,#DIV/0!
,,,,,,,,,,,0,0,,0,,,,,0,,,,0,,,,,,,,0,,,0,,,0,,,0,,,0,,,0,,,0,,,0,,,0,,,0,,,,0,0,#DIV/0!
,,,,,,,,,,,0,0,,0,,,,,0,,,,0,,,,,,,,0,,,0,,,0,,,0,,,0,,,0,,,0,,,0,,,0,,,0,,,,0,0,#DIV/0!
,,,,,,,,,,,0,0,,0,,,,,0,,,,0,,,,,,,,0,,,0,,,0,,,0,,,0,,,0,,,0,,,0,,,0,,,0,,,,0,0,#DIV/0!
,,,,,,,,,,,0,0,,0,,,,,0,,,,0,,,,,,,,0,,,0,,,0,,,0,,,0,,,0,,,0,,,0,,,0,,,0,,,,0,0,#DIV/0!
,,,,,,,,,,,0,0,,0,,,,,0,,,,0,,,,,,,,0,,,0,,,0,,,0,,,0,,,0,,,0,,,0,,,0,,,0,,,,0,0,#DIV/0!
,,,,,,,,,,,0,0,,0,,,,,0,,,,0,,,,,,,,0,,,0,,,0,,,0,,,0,,,0,,,0,,,0,,,0,,,0,,,,0,0,#DIV/0!
,,,,,,,,,,,0,0,,0,,,,,0,,,,0,,,,,,,,0,,,0,,,0,,,0,,,0,,,0,,,0,,,0,,,0,,,0,,,,0,0,#DIV/0!
,,,,,,,,,,,0,0,,0,,,,,0,,,,0,,,,,,,,0,,,0,,,0,,,0,,,0,,,0,,,0,,,0,,,0,,,0,,,,0,0,#DIV/0!
,,,,,,,,,,,0,0,,0,,,,,0,,,,0,,,,,,,,0,,,0,,,0,,,0,,,0,,,0,,,0,,,0,,,0,,,0,,,,0,0,#DIV/0!
,,,,,,,,,,,0,0,,0,,,,,0,,,,0,,,,,,,,0,,,0,,,0,,,0,,,0,,,0,,,0,,,0,,,0,,,0,,,,0,0,#DIV/0!
,,,,,,,,,,,0,0,,0,,,,,0,,,,0,,,,,,,,0,,,0,,,0,,,0,,,0,,,0,,,0,,,0,,,0,,,0,,,,0,0,#DIV/0!
,,,,,,,,,,,0,0,,0,,,,,0,,,,0,,,,,,,,0,,,0,,,0,,,0,,,0,,,0,,,0,,,0,,,0,,,0,,,,0,0,#DIV/0!
,,,,,,,,,,,0,0,,0,,,,,0,,,,0,,,,,,,,0,,,0,,,0,,,0,,,0,,,0,,,0,,,0,,,0,,,0,,,,0,0,#DIV/0!
,,,,,,,,,,,0,0,,0,,,,,0,,,,0,,,,,,,,0,,,0,,,0,,,0,,,0,,,0,,,0,,,0,,,0,,,0,,,,0,0,#DIV/0!
,,,,,,,,,,,0,0,,0,,,,,0,,,,0,,,,,,,,0,,,0,,,0,,,0,,,0,,,0,,,0,,,0,,,0,,,0,,,,0,0,#DIV/0!
,,,,,,,,,,,0,0,,0,,,,,0,,,,0,,,,,,,,0,,,0,,,0,,,0,,,0,,,0,,,0,,,0,,,0,,,0,,,,0,0,#DIV/0!
,,,,,,,,,,,0,0,,0,,,,,0,,,,0,,,,,,,,0,,,0,,,0,,,0,,,0,,,0,,,0,,,0,,,0,,,0,,,,0,0,#DIV/0!
,,,,,,,,,,,0,0,,0,,,,,0,,,,0,,,,,,,,0,,,0,,,0,,,0,,,0,,,0,,,0,,,0,,,0,,,0,,,,0,0,#DIV/0!
,,,,,,,,,,,0,0,,0,,,,,0,,,,0,,,,,,,,0,,,0,,,0,,,0,,,0,,,0,,,0,,,0,,,0,,,0,,,,0,0,#DIV/0!
,,,,,,,,,,,0,0,,0,,,,,0,,,,0,,,,,,,,0,,,0,,,0,,,0,,,0,,,0,,,0,,,0,,,0,,,0,,,,0,0,#DIV/0!
,,,,,,,,,,,0,0,,0,,,,,0,,,,0,,,,,,,,0,,,0,,,0,,,0,,,0,,,0,,,0,,,0,,,0,,,0,,,,0,0,#DIV/0!
,,,,,,,,,,,0,0,,0,,,,,0,,,,0,,,,,,,,0,,,0,,,0,,,0,,,0,,,0,,,0,,,0,,,0,,,0,,,,0,0,#DIV/0!
,,,,,,,,,,,0,0,,0,,,,,0,,,,0,,,,,,,,0,,,0,,,0,,,0,,,0,,,0,,,0,,,0,,,0,,,0,,,,0,0,#DIV/0!
,,,,,,,,,,,0,0,,0,,,,,0,,,,0,,,,,,,,0,,,0,,,0,,,0,,,0,,,0,,,0,,,0,,,0,,,0,,,,0,0,#DIV/0!
,,,,,,,,,,,0,0,,0,,,,,0,,,,0,,,,,,,,0,,,0,,,0,,,0,,,0,,,0,,,0,,,0,,,0,,,0,,,,0,0,#DIV/0!
,,,,,,,,,,,0,0,,0,,,,,0,,,,0,,,,,,,,0,,,0,,,0,,,0,,,0,,,0,,,0,,,0,,,0,,,0,,,,0,0,#DIV/0!
,,,,,,,,,,,0,0,,0,,,,,0,,,,0,,,,,,,,0,,,0,,,0,,,0,,,0,,,0,,,0,,,0,,,0,,,0,,,,0,0,#DIV/0!
,,,,,,,,,,,0,0,,0,,,,,0,,,,0,,,,,,,,0,,,0,,,0,,,0,,,0,,,0,,,0,,,0,,,0,,,0,,,,0,0,#DIV/0!
,,,,,,,,,,,0,0,,0,,,,,0,,,,0,,,,,,,,0,,,0,,,0,,,0,,,0,,,0,,,0,,,0,,,0,,,0,,,,0,0,#DIV/0!
,,,,,,,,,,,0,0,,0,,,,,0,,,,0,,,,,,,,0,,,0,,,0,,,0,,,0,,,0,,,0,,,0,,,0,,,0,,,,0,0,#DIV/0!
,,,,,,,,,,,0,0,,0,,,,,0,,,,0,,,,,,,,0,,,0,,,0,,,0,,,0,,,0,,,0,,,0,,,0,,,0,,,,0,0,#DIV/0!
,,,,,,,,,,,0,0,,0,,,,,0,,,,0,,,,,,,,0,,,0,,,0,,,0,,,0,,,0,,,0,,,0,,,0,,,0,,,,0,0,#DIV/0!
,,,,,,,,,,,0,0,,0,,,,,0,,,,0,,,,,,,,0,,,0,,,0,,,0,,,0,,,0,,,0,,,0,,,0,,,0,,,,0,0,#DIV/0!
,,,,,,,,,,,0,0,,0,,,,,0,,,,0,,,,,,,,0,,,0,,,0,,,0,,,0,,,0,,,0,,,0,,,0,,,0,,,,0,0,#DIV/0!
,,,,,,,,,,,0,0,,0,,,,,0,,,,0,,,,,,,,0,,,0,,,0,,,0,,,0,,,0,,,0,,,0,,,0,,,0,,,,0,0,#DIV/0!
,,,,,,,,,,,0,0,,0,,,,,0,,,,0,,,,,,,,0,,,0,,,0,,,0,,,0,,,0,,,0,,,0,,,0,,,0,,,,0,0,#DIV/0!
,,,,,,,,,,,0,0,,0,,,,,0,,,,0,,,,,,,,0,,,0,,,0,,,0,,,0,,,0,,,0,,,0,,,0,,,0,,,,0,0,#DIV/0!
,,,,,,,,,,,0,0,,0,,,,,0,,,,0,,,,,,,,0,,,0,,,0,,,0,,,0,,,0,,,0,,,0,,,0,,,0,,,,0,0,#DIV/0!
,,,,,,,,,,,0,0,,0,,,,,0,,,,0,,,,,,,,0,,,0,,,0,,,0,,,0,,,0,,,0,,,0,,,0,,,0,,,,0,0,#DIV/0!
,,,,,,,,,,,0,0,,0,,,,,0,,,,0,,,,,,,,0,,,0,,,0,,,0,,,0,,,0,,,0,,,0,,,0,,,0,,,,0,0,#DIV/0!
,,,,,,,,,,,0,0,,0,,,,,0,,,,0,,,,,,,,0,,,0,,,0,,,0,,,0,,,0,,,0,,,0,,,0,,,0,,,,0,0,#DIV/0!
,,,,,,,,,,,0,0,,0,,,,,0,,,,0,,,,,,,,0,,,0,,,0,,,0,,,0,,,0,,,0,,,0,,,0,,,0,,,,0,0,#DIV/0!
,,,,,,,,,,,0,0,,0,,,,,0,,,,0,,,,,,,,0,,,0,,,0,,,0,,,0,,,0,,,0,,,0,,,0,,,0,,,,0,0,#DIV/0!
,,,,,,,,,,,0,0,,0,,,,,0,,,,0,,,,,,,,0,,,0,,,0,,,0,,,0,,,0,,,0,,,0,,,0,,,0,,,,0,0,#DIV/0!
,,,,,,,,,,,0,0,,0,,,,,0,,,,0,,,,,,,,0,,,0,,,0,,,0,,,0,,,0,,,0,,,0,,,0,,,0,,,,0,0,#DIV/0!
,,,,,,,,,,,0,0,,0,,,,,0,,,,0,,,,,,,,0,,,0,,,0,,,0,,,0,,,0,,,0,,,0,,,0,,,0,,,,0,0,#DIV/0!
,,,,,,,,,,,0,0,,0,,,,,0,,,,0,,,,,,,,0,,,0,,,0,,,0,,,0,,,0,,,0,,,0,,,0,,,0,,,,0,0,#DIV/0!
,,,,,,,,,,,0,0,,0,,,,,0,,,,0,,,,,,,,0,,,0,,,0,,,0,,,0,,,0,,,0,,,0,,,0,,,0,,,,0,0,#DIV/0!
,,,,,,,,,,,0,0,,0,,,,,0,,,,0,,,,,,,,0,,,0,,,0,,,0,,,0,,,0,,,0,,,0,,,0,,,0,,,,0,0,#DIV/0!
,,,,,,,,,,,0,0,,0,,,,,0,,,,,,,,,,,,0,,,0,,,0,,,0,,,0,,,0,,,0,,,0,,,0,,,0,,,,0,0,#DIV/0!
,,,,,,,,,,,0,0,,0,,,,,0,,,,,,,,,,,,0,,,0,,,0,,,0,,,0,,,0,,,0,,,0,,,0,,,0,,,,0,0,#DIV/0!
,,,,,,,,,,,0,0,,0,,,,,0,,,,,,,,,,,,0,,,0,,,0,,,0,,,0,,,0,,,0,,,0,,,0,,,0,,,,0,0,#DIV/0!
,,,,,,,,,,,0,0,,0,,,,,0,,,,,,,,,,,,0,,,0,,,0,,,0,,,0,,,0,,,0,,,0,,,0,,,0,,,,0,0,#DIV/0!
,,,,,,,,,,,0,0,,0,,,,,0,,,,,,,,,,,,0,,,0,,,0,,,0,,,0,,,0,,,0,,,0,,,0,,,0,,,,0,0,#DIV/0!
,,,,,,,,,,,0,0,,0,,,,,0,,,,,,,,,,,,0,,,0,,,0,,,0,,,0,,,0,,,0,,,0,,,0,,,0,,,,0,0,#DIV/0!
,,,,,,,,,,,0,0,,0,,,,,0,,,,,,,,,,,,,,,0,,,0,,,0,,,0,,,0,,,0,,,0,,,0,,,0,,,,0,0,#DIV/0!
,,,,,,,,,,,0,0,,0,,,,,0,,,,,,,,,,,,,,,0,,,0,,,0,,,0,,,0,,,0,,,0,,,0,,,0,,,,0,0,#DIV/0!
,,,,,,,,,,,0,0,,0,,,,,0,,,,,,,,,,,,,,,0,,,0,,,0,,,0,,,0,,,0,,,0,,,0,,,0,,,,0,0,#DIV/0!
,,,,,,,,,,,0,0,,0,,,,,0,,,,,,,,,,,,,,,0,,,0,,,0,,,0,,,0,,,0,,,0,,,0,,,0,,,,0,0,#DIV/0!
,,,,,,,,,,,0,0,,0,,,,,0,,,,,,,,,,,,,,,0,,,0,,,0,,,0,,,0,,,0,,,0,,,0,,,0,,,,0,0,#DIV/0!
,,,,,,,,,,,0,0,,0,,,,,0,,,,,,,,,,,,,,,0,,,0,,,0,,,0,,,0,,,0,,,0,,,0,,,0,,,,0,0,#DIV/0!
,,,,,,,,,,,0,0,,0,,,,,0,,,,,,,,,,,,,,,0,,,0,,,0,,,0,,,0,,,0,,,0,,,0,,,0,,,,0,0,#DIV/0!
,,,,,,,,,,,0,0,,0,,,,,0,,,,,,,,,,,,,,,0,,,0,,,0,,,0,,,0,,,0,,,0,,,0,,,0,,,,0,0,#DIV/0!
,,,,,,,,,,,0,0,,0,,,,,0,,,,,,,,,,,,,,,0,,,0,,,0,,,0,,,0,,,0,,,0,,,0,,,0,,,,0,0,#DIV/0!
,,,,,,,,,,,0,0,,0,,,,,0,,,,,,,,,,,,,,,0,,,0,,,0,,,0,,,0,,,0,,,0,,,0,,,0,,,,0,0,#DIV/0!
,,,,,,,,,,,0,0,,0,,,,,0,,,,,,,,,,,,,,,0,,,0,,,0,,,0,,,0,,,0,,,0,,,0,,,0,,,,0,0,#DIV/0!
,,,,,,,,,,,0,0,,0,,,,,0,,,,,,,,,,,,,,,0,,,0,,,0,,,0,,,0,,,0,,,0,,,0,,,0,,,,0,0,#DIV/0!
,,,,,,,,,,,0,0,,0,,,,,0,,,,,,,,,,,,,,,0,,,0,,,0,,,0,,,0,,,0,,,0,,,0,,,0,,,,0,0,#DIV/0!
,,,,,,,,,,,0,0,,0,,,,,0,,,,,,,,,,,,,,,0,,,0,,,0,,,0,,,0,,,0,,,0,,,0,,,0,,,,0,0,#DIV/0!
,,,,,,,,,,,0,0,,0,,,,,0,,,,,,,,,,,,,,,0,,,0,,,0,,,0,,,0,,,0,,,0,,,0,,,0,,,,0,0,#DIV/0!
,,,,,,,,,,,0,0,,0,,,,,0,,,,,,,,,,,,,,,0,,,0,,,0,,,0,,,0,,,0,,,0,,,0,,,0,,,,0,0,#DIV/0!
,,,,,,,,,,,0,0,,0,,,,,0,,,,,,,,,,,,,,,0,,,0,,,0,,,0,,,0,,,0,,,0,,,0,,,0,,,,0,0,#DIV/0!
,,,,,,,,,,,0,0,,0,,,,,0,,,,,,,,,,,,,,,0,,,0,,,0,,,0,,,0,,,0,,,0,,,0,,,0,,,,0,0,#DIV/0!
,,,,,,,,,,,0,0,,0,,,,,0,,,,,,,,,,,,,,,0,,,0,,,0,,,0,,,0,,,0,,,0,,,0,,,0,,,,0,0,#DIV/0!
,,,,,,,,,,,0,0,,0,,,,,0,,,,,,,,,,,,,,,0,,,0,,,0,,,0,,,0,,,0,,,0,,,0,,,0,,,,0,0,#DIV/0!
,,,,,,,,,,,0,0,,0,,,,,0,,,,,,,,,,,,,,,0,,,0,,,0,,,0,,,0,,,0,,,0,,,0,,,0,,,,0,0,#DIV/0!
,,,,,,,,,,,0,0,,0,,,,,0,,,,,,,,,,,,,,,0,,,0,,,0,,,0,,,0,,,0,,,0,,,0,,,0,,,,0,0,#DIV/0!
,,,,,,,,,,,0,0,,0,,,,,0,,,,,,,,,,,,,,,0,,,0,,,0,,,0,,,0,,,0,,,0,,,0,,,0,,,,0,0,#DIV/0!
,,,,,,,,,,,0,0,,0,,,,,0,,,,,,,,,,,,,,,0,,,0,,,0,,,0,,,0,,,0,,,0,,,0,,,0,,,,0,0,#DIV/0!
,,,,,,,,,,,0,0,,0,,,,,0,,,,,,,,,,,,,,,0,,,0,,,0,,,0,,,0,,,0,,,0,,,0,,,0,,,,0,0,#DIV/0!
,,,,,,,,,,,0,,,0,,,,,0,,,,,,,,,,,,,,,0,,,0,,,0,,,0,,,0,,,0,,,0,,,0,,,0,,,,0,0,#DIV/0!
,,,,,,,,,,,0,,,0,,,,,0,,,,,,,,,,,,,,,0,,,0,,,0,,,0,,,0,,,0,,,0,,,0,,,0,,,,0,0,#DIV/0!
,,,,,,,,,,,0,,,0,,,,,0,,,,,,,,,,,,,,,0,,,0,,,0,,,0,,,0,,,0,,,0,,,0,,,0,,,,0,0,#DIV/0!
,,,,,,,,,,,0,,,0,,,,,0,,,,,,,,,,,,,,,0,,,0,,,0,,,0,,,0,,,0,,,0,,,0,,,0,,,,0,0,#DIV/0!
,,,,,,,,,,,0,,,0,,,,,0,,,,,,,,,,,,,,,0,,,0,,,0,,,0,,,0,,,0,,,0,,,0,,,0,,,,0,0,#DIV/0!
,,,,,,,,,,,0,,,0,,,,,0,,,,,,,,,,,,,,,0,,,0,,,0,,,0,,,0,,,0,,,0,,,0,,,0,,,,0,0,#DIV/0!
,,,,,,,,,,,0,,,0,,,,,0,,,,,,,,,,,,,,,0,,,0,,,0,,,0,,,0,,,0,,,0,,,0,,,0,,,,0,0,#DIV/0!
,,,,,,,,,,,0,,,0,,,,,0,,,,,,,,,,,,,,,0,,,0,,,0,,,0,,,0,,,0,,,0,,,0,,,0,,,,0,0,#DIV/0!
,,,,,,,,,,,,,,,,,,,0,,,,,,,,,,,,,,,0,,,0,,,0,,,0,,,0,,,0,,,0,,,0,,,0,,,,0,0,#DIV/0!
,,,,,,,,,,,,,,,,,,,0,,,,,,,,,,,,,,,0,,,0,,,0,,,0,,,0,,,0,,,0,,,0,,,0,,,,0,0,#DIV/0!
,,,,,,,,,,,,,,,,,,,0,,,,,,,,,,,,,,,0,,,0,,,0,,,0,,,0,,,0,,,0,,,0,,,0,,,,0,0,#DIV/0!
,,,,,,,,,,,,,,,,,,,0,,,,,,,,,,,,,,,0,,,0,,,0,,,0,,,0,,,0,,,0,,,0,,,0,,,,0,0,#DIV/0!
,,,,,,,,,,,,,,,,,,,0,,,,,,,,,,,,,,,0,,,0,,,0,,,0,,,0,,,0,,,0,,,0,,,0,,,,0,0,#DIV/0!
,,,,,,,,,,,,,,,,,,,0,,,,,,,,,,,,,,,0,,,0,,,0,,,0,,,0,,,0,,,0,,,0,,,0,,,,0,0,#DIV/0!
,,,,,,,,,,,,,,,,,,,0,,,,,,,,,,,,,,,0,,,0,,,0,,,0,,,0,,,0,,,0,,,0,,,0,,,,0,0,#DIV/0!
,,,,,,,,,,,,,,,,,,,0,,,,,,,,,,,,,,,0,,,0,,,0,,,0,,,0,,,0,,,0,,,0,,,0,,,,0,0,#DIV/0!
,,,,,,,,,,,,,,,,,,,0,,,,,,,,,,,,,,,0,,,0,,,0,,,0,,,0,,,0,,,0,,,0,,,0,,,,0,0,#DIV/0!
,,,,,,,,,,,,,,,,,,,0,,,,,,,,,,,,,,,0,,,0,,,0,,,0,,,0,,,0,,,0,,,0,,,0,,,,0,0,#DIV/0!
,,,,,,,,,,,,,,,,,,,0,,,,,,,,,,,,,,,0,,,0,,,0,,,0,,,0,,,0,,,0,,,0,,,0,,,,0,0,#DIV/0!
,,,,,,,,,,,,,,,,,,,0,,,,,,,,,,,,,,,0,,,0,,,0,,,0,,,0,,,0,,,0,,,0,,,0,,,,0,0,#DIV/0!
,,,,,,,,,,,,,,,,,,,0,,,,,,,,,,,,,,,0,,,0,,,0,,,0,,,0,,,0,,,0,,,0,,,0,,,,0,0,#DIV/0!
,,,,,,,,,,,,,,,,,,,0,,,,,,,,,,,,,,,0,,,0,,,0,,,0,,,0,,,0,,,0,,,0,,,0,,,,0,0,#DIV/0!
,,,,,,,,,,,,,,,,,,,0,,,,,,,,,,,,,,,0,,,0,,,0,,,0,,,0,,,0,,,0,,,0,,,0,,,,0,0,#DIV/0!
,,,,,,,,,,,,,,,,,,,0,,,,,,,,,,,,,,,0,,,0,,,0,,,0,,,0,,,0,,,0,,,0,,,0,,,,0,0,#DIV/0!
,,,,,,,,,,,,,,,,,,,0,,,,,,,,,,,,,,,0,,,0,,,0,,,0,,,0,,,0,,,0,,,0,,,0,,,,0,0,#DIV/0!
,,,,,,,,,,,,,,,,,,,0,,,,,,,,,,,,,,,0,,,0,,,0,,,0,,,0,,,0,,,0,,,0,,,0,,,,0,0,#DIV/0!
,,,,,,,,,,,,,,,,,,,0,,,,,,,,,,,,,,,0,,,0,,,0,,,0,,,0,,,0,,,0,,,0,,,0,,,,0,0,#DIV/0!
,,,,,,,,,,,,,,,,,,,0,,,,,,,,,,,,,,,0,,,0,,,0,,,0,,,0,,,0,,,0,,,0,,,0,,,,0,0,#DIV/0!
,,,,,,,,,,,,,,,,,,,0,,,,,,,,,,,,,,,0,,,0,,,0,,,0,,,0,,,0,,,0,,,0,,,0,,,,0,0,#DIV/0!
,,,,,,,,,,,,,,,,,,,0,,,,,,,,,,,,,,,0,,,0,,,0,,,0,,,0,,,0,,,0,,,0,,,0,,,,0,0,#DIV/0!
,,,,,,,,,,,,,,,,,,,0,,,,,,,,,,,,,,,0,,,0,,,0,,,0,,,0,,,0,,,0,,,0,,,0,,,,0,0,#DIV/0!
,,,,,,,,,,,,,,,,,,,0,,,,,,,,,,,,,,,0,,,0,,,0,,,0,,,0,,,0,,,0,,,0,,,0,,,,0,0,#DIV/0!
,,,,,,,,,,,,,,,,,,,0,,,,,,,,,,,,,,,0,,,0,,,0,,,0,,,0,,,0,,,0,,,0,,,0,,,,0,0,#DIV/0!
,,,,,,,,,,,,,,,,,,,0,,,,,,,,,,,,,,,0,,,0,,,0,,,0,,,0,,,0,,,0,,,0,,,0,,,,0,0,#DIV/0!
,,,,,,,,,,,,,,,,,,,0,,,,,,,,,,,,,,,0,,,0,,,0,,,0,,,0,,,0,,,0,,,0,,,0,,,,0,0,#DIV/0!
,,,,,,,,,,,,,,,,,,,0,,,,,,,,,,,,,,,0,,,0,,,0,,,0,,,0,,,0,,,0,,,0,,,0,,,,0,0,#DIV/0!
,,,,,,,,,,,,,,,,,,,0,,,,,,,,,,,,,,,0,,,0,,,0,,,0,,,0,,,0,,,0,,,0,,,0,,,,0,0,#DIV/0!
,,,,,,,,,,,,,,,,,,,0,,,,,,,,,,,,,,,0,,,0,,,0,,,0,,,0,,,0,,,0,,,0,,,0,,,,0,0,#DIV/0!
,,,,,,,,,,,,,,,,,,,0,,,,,,,,,,,,,,,0,,,0,,,0,,,0,,,0,,,0,,,0,,,0,,,0,,,,0,0,#DIV/0!
,,,,,,,,,,,,,,,,,,,0,,,,,,,,,,,,,,,0,,,0,,,0,,,0,,,0,,,0,,,0,,,0,,,0,,,,0,0,#DIV/0!
,,,,,,,,,,,,,,,,,,,0,,,,,,,,,,,,,,,0,,,0,,,0,,,0,,,0,,,0,,,0,,,0,,,0,,,,0,0,#DIV/0!
,,,,,,,,,,,,,,,,,,,0,,,,,,,,,,,,,,,0,,,0,,,0,,,0,,,0,,,0,,,0,,,0,,,0,,,,0,0,#DIV/0!
,,,,,,,,,,,,,,,,,,,0,,,,,,,,,,,,,,,0,,,0,,,0,,,0,,,0,,,0,,,0,,,0,,,0,,,,0,0,#DIV/0!
,,,,,,,,,,,,,,,,,,,0,,,,,,,,,,,,,,,0,,,0,,,0,,,0,,,0,,,0,,,0,,,0,,,0,,,,0,0,#DIV/0!
,,,,,,,,,,,,,,,,,,,0,,,,,,,,,,,,,,,0,,,0,,,0,,,0,,,0,,,0,,,0,,,0,,,0,,,,0,0,#DIV/0!
,,,,,,,,,,,,,,,,,,,0,,,,,,,,,,,,,,,0,,,0,,,0,,,0,,,0,,,0,,,0,,,0,,,0,,,,0,0,#DIV/0!
,,,,,,,,,,,,,,,,,,,0,,,,,,,,,,,,,,,0,,,0,,,0,,,0,,,0,,,0,,,0,,,0,,,0,,,,0,0,#DIV/0!
,,,,,,,,,,,,,,,,,,,0,,,,,,,,,,,,,,,0,,,0,,,0,,,0,,,0,,,0,,,0,,,0,,,0,,,,0,0,#DIV/0!
,,,,,,,,,,,,,,,,,,,0,,,,,,,,,,,,,,,0,,,0,,,0,,,0,,,0,,,0,,,0,,,0,,,0,,,,0,0,#DIV/0!
,,,,,,,,,,,,,,,,,,,0,,,,,,,,,,,,,,,0,,,0,,,0,,,0,,,0,,,0,,,0,,,0,,,0,,,,0,0,#DIV/0!
,,,,,,,,,,,,,,,,,,,0,,,,,,,,,,,,,,,0,,,0,,,0,,,0,,,0,,,0,,,0,,,0,,,0,,,,0,0,#DIV/0!
,,,,,,,,,,,,,,,,,,,0,,,,,,,,,,,,,,,0,,,0,,,0,,,0,,,0,,,0,,,0,,,0,,,0,,,,0,0,#DIV/0!
,,,,,,,,,,,,,,,,,,,0,,,,,,,,,,,,,,,0,,,0,,,0,,,0,,,0,,,0,,,0,,,0,,,0,,,,0,0,#DIV/0!
,,,,,,,,,,,,,,,,,,,0,,,,,,,,,,,,,,,0,,,0,,,0,,,0,,,0,,,0,,,0,,,0,,,0,,,,0,0,#DIV/0!
,,,,,,,,,,,,,,,,,,,0,,,,,,,,,,,,,,,0,,,0,,,0,,,0,,,0,,,0,,,0,,,0,,,0,,,,0,0,#DIV/0!
,,,,,,,,,,,,,,,,,,,0,,,,,,,,,,,,,,,0,,,0,,,0,,,0,,,0,,,0,,,0,,,0,,,0,,,,0,0,#DIV/0!
,,,,,,,,,,,,,,,,,,,0,,,,,,,,,,,,,,,0,,,0,,,0,,,0,,,0,,,0,,,0,,,0,,,0,,,,0,0,#DIV/0!
,,,,,,,,,,,,,,,,,,,0,,,,,,,,,,,,,,,0,,,0,,,0,,,0,,,0,,,0,,,0,,,0,,,0,,,,0,0,#DIV/0!
,,,,,,,,,,,,,,,,,,,0,,,,,,,,,,,,,,,0,,,0,,,0,,,0,,,0,,,0,,,0,,,0,,,0,,,,0,0,#DIV/0!
,,,,,,,,,,,,,,,,,,,0,,,,,,,,,,,,,,,0,,,0,,,0,,,0,,,0,,,0,,,0,,,0,,,0,,,,0,0,#DIV/0!
,,,,,,,,,,,,,,,,,,,0,,,,,,,,,,,,,,,0,,,0,,,0,,,0,,,0,,,0,,,0,,,0,,,0,,,,0,0,#DIV/0!
,,,,,,,,,,,,,,,,,,,0,,,,,,,,,,,,,,,0,,,0,,,0,,,0,,,0,,,0,,,0,,,0,,,0,,,,0,0,#DIV/0!
,,,,,,,,,,,,,,,,,,,0,,,,,,,,,,,,,,,0,,,0,,,0,,,0,,,0,,,0,,,0,,,0,,,0,,,,0,0,#DIV/0!
,,,,,,,,,,,,,,,,,,,0,,,,,,,,,,,,,,,0,,,0,,,0,,,0,,,0,,,0,,,0,,,0,,,0,,,,0,0,#DIV/0!
,,,,,,,,,,,,,,,,,,,0,,,,,,,,,,,,,,,0,,,0,,,0,,,0,,,0,,,0,,,0,,,0,,,0,,,,0,0,#DIV/0!
,,,,,,,,,,,,,,,,,,,0,,,,,,,,,,,,,,,0,,,0,,,0,,,0,,,0,,,0,,,0,,,0,,,0,,,,0,0,#DIV/0!
,,,,,,,,,,,,,,,,,,,0,,,,,,,,,,,,,,,0,,,0,,,0,,,0,,,0,,,0,,,0,,,0,,,0,,,,0,0,#DIV/0!
,,,,,,,,,,,,,,,,,,,0,,,,,,,,,,,,,,,0,,,0,,,0,,,0,,,0,,,0,,,0,,,0,,,0,,,,0,0,#DIV/0!
,,,,,,,,,,,,,,,,,,,0,,,,,,,,,,,,,,,0,,,0,,,0,,,0,,,0,,,0,,,0,,,0,,,0,,,,0,0,#DIV/0!
,,,,,,,,,,,,,,,,,,,0,,,,,,,,,,,,,,,0,,,0,,,0,,,0,,,0,,,0,,,0,,,0,,,0,,,,0,0,#DIV/0!
,,,,,,,,,,,,,,,,,,,0,,,,,,,,,,,,,,,0,,,0,,,0,,,0,,,0,,,0,,,0,,,0,,,0,,,,0,0,#DIV/0!
,,,,,,,,,,,,,,,,,,,0,,,,,,,,,,,,,,,0,,,0,,,0,,,0,,,0,,,0,,,0,,,0,,,0,,,,0,0,#DIV/0!
,,,,,,,,,,,,,,,,,,,0,,,,,,,,,,,,,,,0,,,0,,,0,,,0,,,0,,,0,,,0,,,0,,,0,,,,0,0,#DIV/0!
,,,,,,,,,,,,,,,,,,,0,,,,,,,,,,,,,,,0,,,0,,,0,,,0,,,0,,,0,,,0,,,0,,,0,,,,0,0,#DIV/0!
,,,,,,,,,,,,,,,,,,,0,,,,,,,,,,,,,,,0,,,0,,,0,,,0,,,0,,,0,,,0,,,0,,,0,,,,0,0,#DIV/0!
,,,,,,,,,,,,,,,,,,,0,,,,,,,,,,,,,,,0,,,0,,,0,,,0,,,0,,,0,,,0,,,0,,,0,,,,0,0,#DIV/0!
,,,,,,,,,,,,,,,,,,,0,,,,,,,,,,,,,,,0,,,0,,,0,,,0,,,0,,,0,,,0,,,0,,,0,,,,0,0,#DIV/0!
,,,,,,,,,,,,,,,,,,,0,,,,,,,,,,,,,,,0,,,0,,,0,,,0,,,0,,,0,,,0,,,0,,,0,,,,0,0,#DIV/0!
,,,,,,,,,,,,,,,,,,,0,,,,,,,,,,,,,,,0,,,0,,,0,,,0,,,0,,,0,,,0,,,0,,,0,,,,0,0,#DIV/0!
,,,,,,,,,,,,,,,,,,,0,,,,,,,,,,,,,,,0,,,0,,,0,,,0,,,0,,,0,,,0,,,0,,,0,,,,0,0,#DIV/0!
,,,,,,,,,,,,,,,,,,,0,,,,,,,,,,,,,,,0,,,0,,,0,,,0,,,0,,,0,,,0,,,0,,,0,,,,0,0,#DIV/0!
,,,,,,,,,,,,,,,,,,,0,,,,,,,,,,,,,,,0,,,0,,,0,,,0,,,0,,,0,,,0,,,0,,,0,,,,0,0,#DIV/0!
,,,,,,,,,,,,,,,,,,,0,,,,,,,,,,,,,,,0,,,0,,,0,,,0,,,0,,,0,,,0,,,0,,,0,,,,0,0,#DIV/0!
,,,,,,,,,,,,,,,,,,,0,,,,,,,,,,,,,,,0,,,0,,,0,,,0,,,0,,,0,,,0,,,0,,,0,,,,0,0,#DIV/0!
,,,,,,,,,,,,,,,,,,,0,,,,,,,,,,,,,,,0,,,0,,,0,,,0,,,0,,,0,,,0,,,0,,,0,,,,0,0,#DIV/0!
,,,,,,,,,,,,,,,,,,,0,,,,,,,,,,,,,,,0,,,0,,,0,,,0,,,0,,,0,,,0,,,0,,,0,,,,0,0,#DIV/0!
,,,,,,,,,,,,,,,,,,,0,,,,,,,,,,,,,,,0,,,,,,0,,,0,,,0,,,0,,,0,,,0,,,0,,,,0,0,#DIV/0!
,,,,,,,,,,,,,,,,,,,0,,,,,,,,,,,,,,,0,,,,,,0,,,0,,,0,,,0,,,0,,,0,,,0,,,,0,0,#DIV/0!
,,,,,,,,,,,,,,,,,,,0,,,,,,,,,,,,,,,0,,,,,,0,,,0,,,0,,,0,,,0,,,0,,,0,,,,0,0,#DIV/0!
,,,,,,,,,,,,,,,,,,,0,,,,,,,,,,,,,,,0,,,,,,0,,,0,,,0,,,0,,,0,,,0,,,0,,,,0,0,#DIV/0!
,,,,,,,,,,,,,,,,,,,0,,,,,,,,,,,,,,,0,,,,,,0,,,0,,,0,,,0,,,0,,,0,,,0,,,,0,0,#DIV/0!
,,,,,,,,,,,,,,,,,,,0,,,,,,,,,,,,,,,0,,,,,,0,,,0,,,0,,,0,,,0,,,0,,,0,,,,0,0,#DIV/0!
,,,,,,,,,,,,,,,,,,,0,,,,,,,,,,,,,,,0,,,,,,0,,,0,,,0,,,0,,,0,,,0,,,0,,,,0,0,#DIV/0!
,,,,,,,,,,,,,,,,,,,0,,,,,,,,,,,,,,,0,,,,,,0,,,0,,,0,,,0,,,0,,,0,,,0,,,,0,0,#DIV/0!
,,,,,,,,,,,,,,,,,,,0,,,,,,,,,,,,,,,0,,,,,,0,,,0,,,0,,,0,,,0,,,0,,,0,,,,0,0,#DIV/0!
,,,,,,,,,,,,,,,,,,,0,,,,,,,,,,,,,,,0,,,,,,0,,,0,,,0,,,0,,,0,,,0,,,0,,,,0,0,#DIV/0!
,,,,,,,,,,,,,,,,,,,0,,,,,,,,,,,,,,,0,,,,,,0,,,0,,,0,,,0,,,0,,,0,,,0,,,,0,0,#DIV/0!
,,,,,,,,,,,,,,,,,,,0,,,,,,,,,,,,,,,0,,,,,,0,,,0,,,0,,,0,,,0,,,0,,,0,,,,0,0,#DIV/0!
,,,,,,,,,,,,,,,,,,,0,,,,,,,,,,,,,,,0,,,,,,0,,,0,,,0,,,0,,,0,,,0,,,0,,,,0,0,#DIV/0!
,,,,,,,,,,,,,,,,,,,0,,,,,,,,,,,,,,,0,,,,,,0,,,0,,,0,,,0,,,0,,,0,,,0,,,,0,0,#DIV/0!
,,,,,,,,,,,,,,,,,,,0,,,,,,,,,,,,,,,0,,,,,,0,,,0,,,0,,,0,,,0,,,0,,,0,,,,0,0,#DIV/0!
,,,,,,,,,,,,,,,,,,,0,,,,,,,,,,,,,,,0,,,,,,0,,,0,,,0,,,0,,,0,,,0,,,0,,,,0,0,#DIV/0!